{
  "name" : "demo-corr-en",
  "description" : null,
  "mode" : "CORRECTION",
  "version" : 1,
  "source_documents" : [ {
    "name" : "cinderella.tsv",
    "format" : "tsv",
    "state" : "NEW",
    "timestamp" : null,
    "sentence_accessed" : 0
  }, {
    "name" : "Warofthe.tsv",
    "format" : "tsv",
    "state" : "CURATION_IN_PROGRESS",
    "timestamp" : null,
    "sentence_accessed" : 0
  } ],
  "training_documents" : [ ],
  "annotation_documents" : [ {
    "name" : "cinderella.tsv",
    "user" : "admin",
    "state" : "IN_PROGRESS",
    "timestamp" : null,
    "sentence_accessed" : 0
  }, {
    "name" : "cinderella.tsv",
    "user" : "anno1",
    "state" : "NEW",
    "timestamp" : null,
    "sentence_accessed" : 0
  }, {
    "name" : "cinderella.tsv",
    "user" : "anno2",
    "state" : "NEW",
    "timestamp" : null,
    "sentence_accessed" : 0
  }, {
    "name" : "cinderella.tsv",
    "user" : "anno3",
    "state" : "NEW",
    "timestamp" : null,
    "sentence_accessed" : 0
  }, {
    "name" : "cinderella.tsv",
    "user" : "anno4",
    "state" : "NEW",
    "timestamp" : null,
    "sentence_accessed" : 0
  }, {
    "name" : "cinderella.tsv",
    "user" : "anno5",
    "state" : "NEW",
    "timestamp" : null,
    "sentence_accessed" : 0
  }, {
    "name" : "cinderella.tsv",
    "user" : "anno6",
    "state" : "NEW",
    "timestamp" : null,
    "sentence_accessed" : 0
  }, {
    "name" : "cinderella.tsv",
    "user" : "anno7",
    "state" : "NEW",
    "timestamp" : null,
    "sentence_accessed" : 0
  }, {
    "name" : "cinderella.tsv",
    "user" : "chris",
    "state" : "NEW",
    "timestamp" : null,
    "sentence_accessed" : 0
  }, {
    "name" : "cinderella.tsv",
    "user" : "darina",
    "state" : "NEW",
    "timestamp" : null,
    "sentence_accessed" : 0
  }, {
    "name" : "cinderella.tsv",
    "user" : "seid",
    "state" : "NEW",
    "timestamp" : null,
    "sentence_accessed" : 0
  }, {
    "name" : "Warofthe.tsv",
    "user" : "admin",
    "state" : "FINISHED",
    "timestamp" : null,
    "sentence_accessed" : 0
  }, {
    "name" : "Warofthe.tsv",
    "user" : "anno1",
    "state" : "NEW",
    "timestamp" : null,
    "sentence_accessed" : 0
  }, {
    "name" : "Warofthe.tsv",
    "user" : "anno2",
    "state" : "NEW",
    "timestamp" : null,
    "sentence_accessed" : 0
  }, {
    "name" : "Warofthe.tsv",
    "user" : "anno3",
    "state" : "NEW",
    "timestamp" : null,
    "sentence_accessed" : 0
  }, {
    "name" : "Warofthe.tsv",
    "user" : "anno4",
    "state" : "NEW",
    "timestamp" : null,
    "sentence_accessed" : 0
  }, {
    "name" : "Warofthe.tsv",
    "user" : "anno5",
    "state" : "NEW",
    "timestamp" : null,
    "sentence_accessed" : 0
  }, {
    "name" : "Warofthe.tsv",
    "user" : "anno6",
    "state" : "NEW",
    "timestamp" : null,
    "sentence_accessed" : 0
  }, {
    "name" : "Warofthe.tsv",
    "user" : "anno7",
    "state" : "NEW",
    "timestamp" : null,
    "sentence_accessed" : 0
  }, {
    "name" : "Warofthe.tsv",
    "user" : "chris",
    "state" : "NEW",
    "timestamp" : null,
    "sentence_accessed" : 0
  }, {
    "name" : "Warofthe.tsv",
    "user" : "darina",
    "state" : "NEW",
    "timestamp" : null,
    "sentence_accessed" : 0
  }, {
    "name" : "Warofthe.tsv",
    "user" : "seid",
    "state" : "NEW",
    "timestamp" : null,
    "sentence_accessed" : 0
  } ],
  "project_permissions" : [ {
    "level" : "USER",
    "user" : "admin"
  }, {
    "level" : "USER",
    "user" : "anno1"
  }, {
    "level" : "USER",
    "user" : "anno2"
  }, {
    "level" : "USER",
    "user" : "anno3"
  }, {
    "level" : "USER",
    "user" : "anno4"
  }, {
    "level" : "USER",
    "user" : "anno5"
  }, {
    "level" : "USER",
    "user" : "anno6"
  }, {
    "level" : "USER",
    "user" : "anno7"
  }, {
    "level" : "USER",
    "user" : "chris"
  }, {
    "level" : "USER",
    "user" : "darina"
  }, {
    "level" : "CURATOR",
    "user" : "guest"
  }, {
    "level" : "USER",
    "user" : "seid"
  } ],
  "tag_sets" : [ {
    "name" : "BART",
    "typeUiName" : null,
    "description" : "coreference type annotation",
    "language" : "de",
    "type" : null,
    "type_name" : null,
    "type_description" : null,
    "tags" : [ {
      "tag_name" : "nam",
      "tag_description" : "nam"
    } ],
    "create_tag" : true
  }, {
    "name" : "Dependency flavors",
    "typeUiName" : null,
    "description" : "Dependency flavors",
    "language" : "mul",
    "type" : null,
    "type_name" : null,
    "type_description" : null,
    "tags" : [ {
      "tag_name" : "basic",
      "tag_description" : "basic"
    }, {
      "tag_name" : "enhanced",
      "tag_description" : "enhanced"
    } ],
    "create_tag" : true
  }, {
    "name" : "NER_WebAnno",
    "typeUiName" : null,
    "description" : "Named Entity annotation",
    "language" : "de",
    "type" : null,
    "type_name" : null,
    "type_description" : null,
    "tags" : [ {
      "tag_name" : "DATE",
      "tag_description" : null
    }, {
      "tag_name" : "LOC",
      "tag_description" : "Location derivatives"
    }, {
      "tag_name" : "LOCATION",
      "tag_description" : null
    }, {
      "tag_name" : "LOCderiv",
      "tag_description" : "Location derivative"
    }, {
      "tag_name" : "LOCpart",
      "tag_description" : "Hyphenated part  is location"
    }, {
      "tag_name" : "MONEY",
      "tag_description" : null
    }, {
      "tag_name" : "ORG",
      "tag_description" : "Organization"
    }, {
      "tag_name" : "ORGANIZATION",
      "tag_description" : null
    }, {
      "tag_name" : "ORGderiv",
      "tag_description" : "Organization derivative"
    }, {
      "tag_name" : "ORGpart",
      "tag_description" : "Hyphenated part  is organization"
    }, {
      "tag_name" : "OTH",
      "tag_description" : "Other: Every name that is not a location, person or organisation"
    }, {
      "tag_name" : "OTHderiv",
      "tag_description" : "Other derivative"
    }, {
      "tag_name" : "OTHpart",
      "tag_description" : "Hyphenated part  is Other"
    }, {
      "tag_name" : "PER",
      "tag_description" : "Person"
    }, {
      "tag_name" : "PERCENT",
      "tag_description" : null
    }, {
      "tag_name" : "PERderiv",
      "tag_description" : "Person derivative"
    }, {
      "tag_name" : "PERpart",
      "tag_description" : "Hyphenated part  is person"
    }, {
      "tag_name" : "PERSON",
      "tag_description" : null
    }, {
      "tag_name" : "TIME",
      "tag_description" : null
    } ],
    "create_tag" : true
  }, {
    "name" : "STTS",
    "typeUiName" : null,
    "description" : "Stuttgart-Tübingen-Tag-Set \nGerman Part of Speech tagset STTS Tag Table (1995/1999): http://www.ims.uni-stuttgart.de/projekte/corplex/TagSets/stts-table.html",
    "language" : "de",
    "type" : null,
    "type_name" : null,
    "type_description" : null,
    "tags" : [ {
      "tag_name" : "\"",
      "tag_description" : null
    }, {
      "tag_name" : "$(",
      "tag_description" : "sonstige Satzzeichen; satzintern \nBsp: - [,]()"
    }, {
      "tag_name" : "$,",
      "tag_description" : "Komma \nBsp: ,"
    }, {
      "tag_name" : "$.",
      "tag_description" : "Satzbeendende Interpunktion \nBsp: . ? ! ; :   "
    }, {
      "tag_name" : ",",
      "tag_description" : null
    }, {
      "tag_name" : "--",
      "tag_description" : "--"
    }, {
      "tag_name" : ".",
      "tag_description" : null
    }, {
      "tag_name" : ":",
      "tag_description" : null
    }, {
      "tag_name" : "ADJA",
      "tag_description" : "attributives Adjektiv \nBsp: [das] große [Haus]"
    }, {
      "tag_name" : "ADJD",
      "tag_description" : "adverbiales oder prädikatives Adjektiv \nBsp: [er fährt] schnell, [er ist] schnell"
    }, {
      "tag_name" : "ADV",
      "tag_description" : "Adverb \nBsp: schon, bald, doch "
    }, {
      "tag_name" : "APPO",
      "tag_description" : "Postposition \nBsp: [ihm] zufolge, [der Sache] wegen"
    }, {
      "tag_name" : "APPR",
      "tag_description" : "Präposition; Zirkumposition links \nBsp: in [der Stadt], ohne [mich]"
    }, {
      "tag_name" : "APPRART",
      "tag_description" : "Präposition mit Artikel \nBsp: im [Haus], zur [Sache]"
    }, {
      "tag_name" : "APZR",
      "tag_description" : "Zirkumposition rechts \nBsp: [von jetzt] an"
    }, {
      "tag_name" : "ART",
      "tag_description" : "bestimmter oder unbestimmter Artikel \nBsp: der, die, das, ein, eine"
    }, {
      "tag_name" : "CARD",
      "tag_description" : "Kardinalzahl \nBsp: zwei [Männer], [im Jahre] 1994"
    }, {
      "tag_name" : "CC",
      "tag_description" : null
    }, {
      "tag_name" : "CD",
      "tag_description" : null
    }, {
      "tag_name" : "DT",
      "tag_description" : null
    }, {
      "tag_name" : "EX",
      "tag_description" : null
    }, {
      "tag_name" : "FM",
      "tag_description" : "Fremdsprachliches Material \nBsp: [Er hat das mit ``] A big fish ['' übersetzt]"
    }, {
      "tag_name" : "IN",
      "tag_description" : null
    }, {
      "tag_name" : "ITJ",
      "tag_description" : "Interjektion \nBsp: mhm, ach, tja"
    }, {
      "tag_name" : "JJ",
      "tag_description" : null
    }, {
      "tag_name" : "KOKOM",
      "tag_description" : "Vergleichskonjunktion \nBsp: als, wie"
    }, {
      "tag_name" : "KON",
      "tag_description" : "nebenordnende Konjunktion \nBsp: und, oder, aber"
    }, {
      "tag_name" : "KOUI",
      "tag_description" : "unterordnende Konjunktion mit ``zu'' und Infinitiv \nBsp: um [zu leben], anstatt [zu fragen]"
    }, {
      "tag_name" : "KOUS",
      "tag_description" : "unterordnende Konjunktion mit Satz \nBsp: weil, daß, damit, wenn, ob "
    }, {
      "tag_name" : "MD",
      "tag_description" : null
    }, {
      "tag_name" : "NE",
      "tag_description" : "Eigennamen \nBsp: Hans, Hamburg, HSV "
    }, {
      "tag_name" : "NN",
      "tag_description" : "normales Nomen \nBsp: Tisch, Herr, [das] Reisen"
    }, {
      "tag_name" : "NNP",
      "tag_description" : null
    }, {
      "tag_name" : "NNS",
      "tag_description" : null
    }, {
      "tag_name" : "PAV",
      "tag_description" : "Pronominaladverb \nBsp: dafür, dabei, deswegen, trotzdem "
    }, {
      "tag_name" : "PDAT",
      "tag_description" : "attribuierendes Demonstrativpronomen \nBsp: jener [Mensch]"
    }, {
      "tag_name" : "PDS",
      "tag_description" : "substituierendes Demonstrativpronomen \nBsp: dieser, jener"
    }, {
      "tag_name" : "PDT",
      "tag_description" : null
    }, {
      "tag_name" : "PIAT",
      "tag_description" : "attribuierendes Indefinitpronomen ohne Determiner \nBsp: kein [Mensch], irgendein [Glas]   "
    }, {
      "tag_name" : "PIDAT",
      "tag_description" : "attribuierendes Indefinitpronomen mit Determiner \nBsp: [ein] wenig [Wasser], [die] beiden [Brüder] "
    }, {
      "tag_name" : "PIS",
      "tag_description" : "substituierendes Indefinitpronomen \nBsp: keiner, viele, man, niemand "
    }, {
      "tag_name" : "POS",
      "tag_description" : null
    }, {
      "tag_name" : "PPER",
      "tag_description" : "irreflexives Personalpronomen \nBsp: ich, er, ihm, mich, dir"
    }, {
      "tag_name" : "PPOSAT",
      "tag_description" : "attribuierendes Possessivpronome \nBsp: mein [Buch], deine [Mutter] "
    }, {
      "tag_name" : "PPOSS",
      "tag_description" : "substituierendes Possessivpronome \nBsp: meins, deiner"
    }, {
      "tag_name" : "PRELAT",
      "tag_description" : "attribuierendes Relativpronomen \nBsp: [der Mann ,] dessen [Hund]   "
    }, {
      "tag_name" : "PRELS",
      "tag_description" : "substituierendes Relativpronomen \nBsp: [der Hund ,] der  "
    }, {
      "tag_name" : "PRF",
      "tag_description" : "reflexives Personalpronomen \nBsp: sich, einander, dich, mir"
    }, {
      "tag_name" : "PROAV",
      "tag_description" : "PROAV"
    }, {
      "tag_name" : "PRP",
      "tag_description" : null
    }, {
      "tag_name" : "PRP$",
      "tag_description" : null
    }, {
      "tag_name" : "PTKA",
      "tag_description" : "Partikel bei Adjektiv oder Adverb \nBsp: am [schönsten], zu [schnell]"
    }, {
      "tag_name" : "PTKANT",
      "tag_description" : "Antwortpartikel \nBsp: ja, nein, danke, bitte  "
    }, {
      "tag_name" : "PTKNEG",
      "tag_description" : "Negationspartikel \nBsp: nicht"
    }, {
      "tag_name" : "PTKVZ",
      "tag_description" : "abgetrennter Verbzusatz \nBsp: [er kommt] an, [er fährt] rad   "
    }, {
      "tag_name" : "PTKZU",
      "tag_description" : "``zu'' vor Infinitiv \nBsp: zu [gehen]"
    }, {
      "tag_name" : "PWAT",
      "tag_description" : "attribuierendes Interrogativpronomen \nBsp: welche [Farbe], wessen [Hut]  "
    }, {
      "tag_name" : "PWAV",
      "tag_description" : "adverbiales Interrogativ- oder Relativpronomen \nBsp: warum, wo, wann, worüber, wobei"
    }, {
      "tag_name" : "PWS",
      "tag_description" : "substituierendes Interrogativpronomen \nBsp: wer, was"
    }, {
      "tag_name" : "RB",
      "tag_description" : null
    }, {
      "tag_name" : "RBS",
      "tag_description" : null
    }, {
      "tag_name" : "RP",
      "tag_description" : null
    }, {
      "tag_name" : "TO",
      "tag_description" : null
    }, {
      "tag_name" : "TRUNC",
      "tag_description" : "Kompositions-Erstglied \nBsp: An- [und Abreise]"
    }, {
      "tag_name" : "UH",
      "tag_description" : null
    }, {
      "tag_name" : "VAFIN",
      "tag_description" : "finites Verb, aux \nBsp: [du] bist, [wir] werden  "
    }, {
      "tag_name" : "VAIMP",
      "tag_description" : "Imperativ, aux \nBsp: sei [ruhig !]  "
    }, {
      "tag_name" : "VAINF",
      "tag_description" : "Infinitiv, aux \nBsp:werden, sein  "
    }, {
      "tag_name" : "VAPP",
      "tag_description" : "Partizip Perfekt, aux \nBsp: gewesen "
    }, {
      "tag_name" : "VB",
      "tag_description" : null
    }, {
      "tag_name" : "VBD",
      "tag_description" : null
    }, {
      "tag_name" : "VBG",
      "tag_description" : null
    }, {
      "tag_name" : "VBN",
      "tag_description" : null
    }, {
      "tag_name" : "VBP",
      "tag_description" : null
    }, {
      "tag_name" : "VBZ",
      "tag_description" : null
    }, {
      "tag_name" : "VMFIN",
      "tag_description" : "finites Verb, modal \nBsp: dürfen  "
    }, {
      "tag_name" : "VMINF",
      "tag_description" : "Infinitiv, modal \nBsp: wollen "
    }, {
      "tag_name" : "VMPP",
      "tag_description" : "Partizip Perfekt, modal \nBsp: gekonnt, [er hat gehen] können "
    }, {
      "tag_name" : "VVFIN",
      "tag_description" : "finites Verb, voll \nBsp: [du] gehst, [wir] kommen [an]   "
    }, {
      "tag_name" : "VVIMP",
      "tag_description" : "Imperativ, voll \nBsp: komm [!] "
    }, {
      "tag_name" : "VVINF",
      "tag_description" : "Infinitiv, voll \nBsp: gehen, ankommen"
    }, {
      "tag_name" : "VVIZU",
      "tag_description" : "Infinitiv mit ``zu'', voll \nBsp: anzukommen, loszulassen "
    }, {
      "tag_name" : "VVPP",
      "tag_description" : "Partizip Perfekt, voll \nBsp:gegangen, angekommen "
    }, {
      "tag_name" : "WDT",
      "tag_description" : null
    }, {
      "tag_name" : "WP",
      "tag_description" : null
    }, {
      "tag_name" : "WP$",
      "tag_description" : null
    }, {
      "tag_name" : "WRB",
      "tag_description" : null
    }, {
      "tag_name" : "XY",
      "tag_description" : "Nichtwort, Sonderzeichen enthaltend \nBsp:3:7, H2O, D2XW3"
    }, {
      "tag_name" : "``",
      "tag_description" : null
    } ],
    "create_tag" : true
  }, {
    "name" : "Tiger",
    "typeUiName" : null,
    "description" : "Dependency annotation",
    "language" : "de",
    "type" : null,
    "type_name" : null,
    "type_description" : null,
    "tags" : [ {
      "tag_name" : "$",
      "tag_description" : "$"
    }, {
      "tag_name" : "--",
      "tag_description" : "--"
    }, {
      "tag_name" : "-PUNCT-",
      "tag_description" : "-PUNCT-"
    }, {
      "tag_name" : "AC",
      "tag_description" : "AC"
    }, {
      "tag_name" : "acomp",
      "tag_description" : null
    }, {
      "tag_name" : "ADV",
      "tag_description" : "ADV"
    }, {
      "tag_name" : "advcl",
      "tag_description" : null
    }, {
      "tag_name" : "advmod",
      "tag_description" : null
    }, {
      "tag_name" : "AG",
      "tag_description" : "AG"
    }, {
      "tag_name" : "amod",
      "tag_description" : null
    }, {
      "tag_name" : "APP",
      "tag_description" : "APP"
    }, {
      "tag_name" : "appos",
      "tag_description" : null
    }, {
      "tag_name" : "ATTR",
      "tag_description" : "ATTR"
    }, {
      "tag_name" : "AUX",
      "tag_description" : "AUX"
    }, {
      "tag_name" : "aux",
      "tag_description" : null
    }, {
      "tag_name" : "auxpass",
      "tag_description" : null
    }, {
      "tag_name" : "AVZ",
      "tag_description" : "AVZ"
    }, {
      "tag_name" : "CC",
      "tag_description" : "CC"
    }, {
      "tag_name" : "cc",
      "tag_description" : null
    }, {
      "tag_name" : "ccomp",
      "tag_description" : null
    }, {
      "tag_name" : "CD",
      "tag_description" : "CD"
    }, {
      "tag_name" : "CJ",
      "tag_description" : "CJ"
    }, {
      "tag_name" : "CM",
      "tag_description" : "CM"
    }, {
      "tag_name" : "conj",
      "tag_description" : null
    }, {
      "tag_name" : "cop",
      "tag_description" : null
    }, {
      "tag_name" : "CP",
      "tag_description" : "CP"
    }, {
      "tag_name" : "CVC",
      "tag_description" : "CVC"
    }, {
      "tag_name" : "DA",
      "tag_description" : "DA"
    }, {
      "tag_name" : "dep",
      "tag_description" : null
    }, {
      "tag_name" : "det",
      "tag_description" : null
    }, {
      "tag_name" : "DET",
      "tag_description" : "DET"
    }, {
      "tag_name" : "discourse",
      "tag_description" : null
    }, {
      "tag_name" : "dobj",
      "tag_description" : null
    }, {
      "tag_name" : "EP",
      "tag_description" : "EP"
    }, {
      "tag_name" : "ETH",
      "tag_description" : "ETH"
    }, {
      "tag_name" : "expl",
      "tag_description" : null
    }, {
      "tag_name" : "EXPL",
      "tag_description" : "EXPL"
    }, {
      "tag_name" : "GMOD",
      "tag_description" : "GMOD"
    }, {
      "tag_name" : "GRAD",
      "tag_description" : "GRAD"
    }, {
      "tag_name" : "iobj",
      "tag_description" : null
    }, {
      "tag_name" : "JJS",
      "tag_description" : null
    }, {
      "tag_name" : "JU",
      "tag_description" : "JU"
    }, {
      "tag_name" : "KOM",
      "tag_description" : "KOM"
    }, {
      "tag_name" : "KON",
      "tag_description" : "KON"
    }, {
      "tag_name" : "KONJ",
      "tag_description" : "KONJ"
    }, {
      "tag_name" : "mark",
      "tag_description" : null
    }, {
      "tag_name" : "MNR",
      "tag_description" : "MNR"
    }, {
      "tag_name" : "MO",
      "tag_description" : "MO"
    }, {
      "tag_name" : "mwe",
      "tag_description" : null
    }, {
      "tag_name" : "NEB",
      "tag_description" : "NEB"
    }, {
      "tag_name" : "neg",
      "tag_description" : null
    }, {
      "tag_name" : "NG",
      "tag_description" : "NG"
    }, {
      "tag_name" : "NK",
      "tag_description" : "NK"
    }, {
      "tag_name" : "nn",
      "tag_description" : null
    }, {
      "tag_name" : "npadvmod",
      "tag_description" : null
    }, {
      "tag_name" : "nsubj",
      "tag_description" : null
    }, {
      "tag_name" : "nsubjpass",
      "tag_description" : null
    }, {
      "tag_name" : "num",
      "tag_description" : null
    }, {
      "tag_name" : "number",
      "tag_description" : null
    }, {
      "tag_name" : "OA",
      "tag_description" : "OA"
    }, {
      "tag_name" : "OBJA",
      "tag_description" : "OBJA"
    }, {
      "tag_name" : "OBJA2",
      "tag_description" : "OBJA2"
    }, {
      "tag_name" : "OBJA3",
      "tag_description" : "OBJA3"
    }, {
      "tag_name" : "OBJC",
      "tag_description" : "OBJC"
    }, {
      "tag_name" : "OBJC2",
      "tag_description" : "OBJC2"
    }, {
      "tag_name" : "OBJC3",
      "tag_description" : "OBJC3"
    }, {
      "tag_name" : "OBJD",
      "tag_description" : "OBJD"
    }, {
      "tag_name" : "OBJD2",
      "tag_description" : "OBJD2"
    }, {
      "tag_name" : "OBJD3",
      "tag_description" : "OBJD3"
    }, {
      "tag_name" : "OBJG",
      "tag_description" : "OBJG"
    }, {
      "tag_name" : "OBJG2",
      "tag_description" : "OBJG2"
    }, {
      "tag_name" : "OBJG3",
      "tag_description" : "OBJG3"
    }, {
      "tag_name" : "OBJI",
      "tag_description" : "OBJI"
    }, {
      "tag_name" : "OBJI2",
      "tag_description" : "OBJI2"
    }, {
      "tag_name" : "OBJI3",
      "tag_description" : "OBJI3"
    }, {
      "tag_name" : "OBJP",
      "tag_description" : "OBJP"
    }, {
      "tag_name" : "OBJP2",
      "tag_description" : "OBJP2"
    }, {
      "tag_name" : "OBJP3",
      "tag_description" : "OBJP3"
    }, {
      "tag_name" : "OC",
      "tag_description" : "OC"
    }, {
      "tag_name" : "OCRC",
      "tag_description" : "OCRC"
    }, {
      "tag_name" : "OG",
      "tag_description" : "OG"
    }, {
      "tag_name" : "OP",
      "tag_description" : "OP"
    }, {
      "tag_name" : "PAR",
      "tag_description" : "PAR"
    }, {
      "tag_name" : "parataxis",
      "tag_description" : null
    }, {
      "tag_name" : "PART",
      "tag_description" : "PART"
    }, {
      "tag_name" : "partmod",
      "tag_description" : null
    }, {
      "tag_name" : "pcomp",
      "tag_description" : null
    }, {
      "tag_name" : "PD",
      "tag_description" : "PD"
    }, {
      "tag_name" : "PM",
      "tag_description" : "PM"
    }, {
      "tag_name" : "PN",
      "tag_description" : "PN"
    }, {
      "tag_name" : "PNC",
      "tag_description" : "PNC"
    }, {
      "tag_name" : "pobj",
      "tag_description" : null
    }, {
      "tag_name" : "poss",
      "tag_description" : null
    }, {
      "tag_name" : "possessive",
      "tag_description" : null
    }, {
      "tag_name" : "PP",
      "tag_description" : "PP"
    }, {
      "tag_name" : "PRED",
      "tag_description" : "PRED"
    }, {
      "tag_name" : "predet",
      "tag_description" : null
    }, {
      "tag_name" : "prep",
      "tag_description" : null
    }, {
      "tag_name" : "prt",
      "tag_description" : null
    }, {
      "tag_name" : "punct",
      "tag_description" : null
    }, {
      "tag_name" : "quantmod",
      "tag_description" : null
    }, {
      "tag_name" : "RC",
      "tag_description" : "RC"
    }, {
      "tag_name" : "rcmod",
      "tag_description" : null
    }, {
      "tag_name" : "RE",
      "tag_description" : "RE"
    }, {
      "tag_name" : "REL",
      "tag_description" : "REL"
    }, {
      "tag_name" : "ROOT",
      "tag_description" : "ROOT"
    }, {
      "tag_name" : "S",
      "tag_description" : "S"
    }, {
      "tag_name" : "SB",
      "tag_description" : "SB"
    }, {
      "tag_name" : "SBP",
      "tag_description" : "SBP"
    }, {
      "tag_name" : "SUBJ",
      "tag_description" : "SUBJ"
    }, {
      "tag_name" : "SUBJ2",
      "tag_description" : "SUBJ2"
    }, {
      "tag_name" : "SUBJ3",
      "tag_description" : "SUBJ3"
    }, {
      "tag_name" : "SUBJC",
      "tag_description" : "SUBJC"
    }, {
      "tag_name" : "SUBJC2",
      "tag_description" : "SUBJC2"
    }, {
      "tag_name" : "SUBJC3",
      "tag_description" : "SUBJC3"
    }, {
      "tag_name" : "SUBJI",
      "tag_description" : "SUBJI"
    }, {
      "tag_name" : "SUBJI2",
      "tag_description" : "SUBJI2"
    }, {
      "tag_name" : "SUBJI3",
      "tag_description" : "SUBJI3"
    }, {
      "tag_name" : "SVP",
      "tag_description" : "SVP"
    }, {
      "tag_name" : "tmod",
      "tag_description" : null
    }, {
      "tag_name" : "UC",
      "tag_description" : "UC"
    }, {
      "tag_name" : "VOK",
      "tag_description" : "VOK"
    }, {
      "tag_name" : "xcomp",
      "tag_description" : null
    }, {
      "tag_name" : "ZEIT",
      "tag_description" : "ZEIT"
    }, {
      "tag_name" : "_",
      "tag_description" : null
    } ],
    "create_tag" : true
  }, {
    "name" : "TuebaDZ",
    "typeUiName" : null,
    "description" : "coreference relation annotation",
    "language" : "de",
    "type" : null,
    "type_name" : null,
    "type_description" : null,
    "tags" : [ {
      "tag_name" : "anaphoric",
      "tag_description" : "anaphoric"
    } ],
    "create_tag" : true
  } ],
  "layers" : [ {
    "name" : "de.tudarmstadt.ukp.dkpro.core.api.syntax.type.chunk.Chunk",
    "features" : [ {
      "name" : "chunkValue",
      "tag_set" : null,
      "uiName" : "Tag",
      "type" : "uima.cas.String",
      "enabled" : true,
      "visible" : true,
      "required" : false,
      "remember" : false,
      "hideUnconstraintFeature" : false,
      "description" : "Chunk tag",
      "project_name" : "demo-corr-en",
      "multi_value_mode" : "NONE",
      "link_mode" : "NONE",
      "link_type_name" : null,
      "link_type_role_feature_name" : null,
      "link_type_target_feature_name" : null
    } ],
    "uiName" : "Chunk",
    "type" : "span",
    "description" : null,
    "enabled" : true,
    "built_in" : true,
    "readonly" : false,
    "attach_type" : null,
    "attach_feature" : null,
    "lock_to_token_offset" : false,
    "allow_stacking" : false,
    "cross_sentence" : false,
    "multiple_tokens" : true,
    "project_name" : "demo-corr-en",
    "linked_list_behavior" : false,
    "on_click_javascript_action" : null
  }, {
    "name" : "de.tudarmstadt.ukp.dkpro.core.api.coref.type.Coreference",
    "features" : [ {
      "name" : "referenceRelation",
      "tag_set" : {
        "name" : "TuebaDZ",
        "typeUiName" : null,
        "description" : "coreference relation annotation",
        "language" : "de",
        "type" : null,
        "type_name" : null,
        "type_description" : null,
        "tags" : [ {
          "tag_name" : "anaphoric",
          "tag_description" : "anaphoric"
        } ],
        "create_tag" : true
      },
      "uiName" : "referenceRelation",
      "type" : "uima.cas.String",
      "enabled" : true,
      "visible" : true,
      "required" : false,
      "remember" : false,
      "hideUnconstraintFeature" : false,
      "description" : "Coreference relation",
      "project_name" : "demo-corr-en",
      "multi_value_mode" : "NONE",
      "link_mode" : "NONE",
      "link_type_name" : null,
      "link_type_role_feature_name" : null,
      "link_type_target_feature_name" : null
    }, {
      "name" : "referenceType",
      "tag_set" : {
        "name" : "BART",
        "typeUiName" : null,
        "description" : "coreference type annotation",
        "language" : "de",
        "type" : null,
        "type_name" : null,
        "type_description" : null,
        "tags" : [ {
          "tag_name" : "nam",
          "tag_description" : "nam"
        } ],
        "create_tag" : true
      },
      "uiName" : "referenceType",
      "type" : "uima.cas.String",
      "enabled" : true,
      "visible" : true,
      "required" : false,
      "remember" : false,
      "hideUnconstraintFeature" : false,
      "description" : "Coreference type",
      "project_name" : "demo-corr-en",
      "multi_value_mode" : "NONE",
      "link_mode" : "NONE",
      "link_type_name" : null,
      "link_type_role_feature_name" : null,
      "link_type_target_feature_name" : null
    } ],
    "uiName" : "Coreference",
    "type" : "chain",
    "description" : null,
    "enabled" : true,
    "built_in" : true,
    "readonly" : false,
    "attach_type" : null,
    "attach_feature" : null,
    "lock_to_token_offset" : false,
    "allow_stacking" : true,
    "cross_sentence" : true,
    "multiple_tokens" : true,
    "project_name" : "demo-corr-en",
    "linked_list_behavior" : false,
    "on_click_javascript_action" : null
  }, {
    "name" : "de.tudarmstadt.ukp.dkpro.core.api.syntax.type.dependency.Dependency",
    "features" : [ {
      "name" : "flavor",
      "tag_set" : {
        "name" : "Dependency flavors",
        "typeUiName" : null,
        "description" : "Dependency flavors",
        "language" : "mul",
        "type" : null,
        "type_name" : null,
        "type_description" : null,
        "tags" : [ {
          "tag_name" : "basic",
          "tag_description" : "basic"
        }, {
          "tag_name" : "enhanced",
          "tag_description" : "enhanced"
        } ],
        "create_tag" : true
      },
      "uiName" : "Flavor",
      "type" : "uima.cas.String",
      "enabled" : true,
      "visible" : true,
      "required" : false,
      "remember" : false,
      "hideUnconstraintFeature" : false,
      "description" : "Dependency relation",
      "project_name" : "demo-corr-en",
      "multi_value_mode" : "NONE",
      "link_mode" : "NONE",
      "link_type_name" : null,
      "link_type_role_feature_name" : null,
      "link_type_target_feature_name" : null
    }, {
      "name" : "DependencyType",
      "tag_set" : {
        "name" : "Tiger",
        "typeUiName" : null,
        "description" : "Dependency annotation",
        "language" : "de",
        "type" : null,
        "type_name" : null,
        "type_description" : null,
        "tags" : [ {
          "tag_name" : "$",
          "tag_description" : "$"
        }, {
          "tag_name" : "--",
          "tag_description" : "--"
        }, {
          "tag_name" : "-PUNCT-",
          "tag_description" : "-PUNCT-"
        }, {
          "tag_name" : "AC",
          "tag_description" : "AC"
        }, {
          "tag_name" : "acomp",
          "tag_description" : null
        }, {
          "tag_name" : "ADV",
          "tag_description" : "ADV"
        }, {
          "tag_name" : "advcl",
          "tag_description" : null
        }, {
          "tag_name" : "advmod",
          "tag_description" : null
        }, {
          "tag_name" : "AG",
          "tag_description" : "AG"
        }, {
          "tag_name" : "amod",
          "tag_description" : null
        }, {
          "tag_name" : "APP",
          "tag_description" : "APP"
        }, {
          "tag_name" : "appos",
          "tag_description" : null
        }, {
          "tag_name" : "ATTR",
          "tag_description" : "ATTR"
        }, {
          "tag_name" : "AUX",
          "tag_description" : "AUX"
        }, {
          "tag_name" : "aux",
          "tag_description" : null
        }, {
          "tag_name" : "auxpass",
          "tag_description" : null
        }, {
          "tag_name" : "AVZ",
          "tag_description" : "AVZ"
        }, {
          "tag_name" : "CC",
          "tag_description" : "CC"
        }, {
          "tag_name" : "cc",
          "tag_description" : null
        }, {
          "tag_name" : "ccomp",
          "tag_description" : null
        }, {
          "tag_name" : "CD",
          "tag_description" : "CD"
        }, {
          "tag_name" : "CJ",
          "tag_description" : "CJ"
        }, {
          "tag_name" : "CM",
          "tag_description" : "CM"
        }, {
          "tag_name" : "conj",
          "tag_description" : null
        }, {
          "tag_name" : "cop",
          "tag_description" : null
        }, {
          "tag_name" : "CP",
          "tag_description" : "CP"
        }, {
          "tag_name" : "CVC",
          "tag_description" : "CVC"
        }, {
          "tag_name" : "DA",
          "tag_description" : "DA"
        }, {
          "tag_name" : "dep",
          "tag_description" : null
        }, {
          "tag_name" : "det",
          "tag_description" : null
        }, {
          "tag_name" : "DET",
          "tag_description" : "DET"
        }, {
          "tag_name" : "discourse",
          "tag_description" : null
        }, {
          "tag_name" : "dobj",
          "tag_description" : null
        }, {
          "tag_name" : "EP",
          "tag_description" : "EP"
        }, {
          "tag_name" : "ETH",
          "tag_description" : "ETH"
        }, {
          "tag_name" : "expl",
          "tag_description" : null
        }, {
          "tag_name" : "EXPL",
          "tag_description" : "EXPL"
        }, {
          "tag_name" : "GMOD",
          "tag_description" : "GMOD"
        }, {
          "tag_name" : "GRAD",
          "tag_description" : "GRAD"
        }, {
          "tag_name" : "iobj",
          "tag_description" : null
        }, {
          "tag_name" : "JJS",
          "tag_description" : null
        }, {
          "tag_name" : "JU",
          "tag_description" : "JU"
        }, {
          "tag_name" : "KOM",
          "tag_description" : "KOM"
        }, {
          "tag_name" : "KON",
          "tag_description" : "KON"
        }, {
          "tag_name" : "KONJ",
          "tag_description" : "KONJ"
        }, {
          "tag_name" : "mark",
          "tag_description" : null
        }, {
          "tag_name" : "MNR",
          "tag_description" : "MNR"
        }, {
          "tag_name" : "MO",
          "tag_description" : "MO"
        }, {
          "tag_name" : "mwe",
          "tag_description" : null
        }, {
          "tag_name" : "NEB",
          "tag_description" : "NEB"
        }, {
          "tag_name" : "neg",
          "tag_description" : null
        }, {
          "tag_name" : "NG",
          "tag_description" : "NG"
        }, {
          "tag_name" : "NK",
          "tag_description" : "NK"
        }, {
          "tag_name" : "nn",
          "tag_description" : null
        }, {
          "tag_name" : "npadvmod",
          "tag_description" : null
        }, {
          "tag_name" : "nsubj",
          "tag_description" : null
        }, {
          "tag_name" : "nsubjpass",
          "tag_description" : null
        }, {
          "tag_name" : "num",
          "tag_description" : null
        }, {
          "tag_name" : "number",
          "tag_description" : null
        }, {
          "tag_name" : "OA",
          "tag_description" : "OA"
        }, {
          "tag_name" : "OBJA",
          "tag_description" : "OBJA"
        }, {
          "tag_name" : "OBJA2",
          "tag_description" : "OBJA2"
        }, {
          "tag_name" : "OBJA3",
          "tag_description" : "OBJA3"
        }, {
          "tag_name" : "OBJC",
          "tag_description" : "OBJC"
        }, {
          "tag_name" : "OBJC2",
          "tag_description" : "OBJC2"
        }, {
          "tag_name" : "OBJC3",
          "tag_description" : "OBJC3"
        }, {
          "tag_name" : "OBJD",
          "tag_description" : "OBJD"
        }, {
          "tag_name" : "OBJD2",
          "tag_description" : "OBJD2"
        }, {
          "tag_name" : "OBJD3",
          "tag_description" : "OBJD3"
        }, {
          "tag_name" : "OBJG",
          "tag_description" : "OBJG"
        }, {
          "tag_name" : "OBJG2",
          "tag_description" : "OBJG2"
        }, {
          "tag_name" : "OBJG3",
          "tag_description" : "OBJG3"
        }, {
          "tag_name" : "OBJI",
          "tag_description" : "OBJI"
        }, {
          "tag_name" : "OBJI2",
          "tag_description" : "OBJI2"
        }, {
          "tag_name" : "OBJI3",
          "tag_description" : "OBJI3"
        }, {
          "tag_name" : "OBJP",
          "tag_description" : "OBJP"
        }, {
          "tag_name" : "OBJP2",
          "tag_description" : "OBJP2"
        }, {
          "tag_name" : "OBJP3",
          "tag_description" : "OBJP3"
        }, {
          "tag_name" : "OC",
          "tag_description" : "OC"
        }, {
          "tag_name" : "OCRC",
          "tag_description" : "OCRC"
        }, {
          "tag_name" : "OG",
          "tag_description" : "OG"
        }, {
          "tag_name" : "OP",
          "tag_description" : "OP"
        }, {
          "tag_name" : "PAR",
          "tag_description" : "PAR"
        }, {
          "tag_name" : "parataxis",
          "tag_description" : null
        }, {
          "tag_name" : "PART",
          "tag_description" : "PART"
        }, {
          "tag_name" : "partmod",
          "tag_description" : null
        }, {
          "tag_name" : "pcomp",
          "tag_description" : null
        }, {
          "tag_name" : "PD",
          "tag_description" : "PD"
        }, {
          "tag_name" : "PM",
          "tag_description" : "PM"
        }, {
          "tag_name" : "PN",
          "tag_description" : "PN"
        }, {
          "tag_name" : "PNC",
          "tag_description" : "PNC"
        }, {
          "tag_name" : "pobj",
          "tag_description" : null
        }, {
          "tag_name" : "poss",
          "tag_description" : null
        }, {
          "tag_name" : "possessive",
          "tag_description" : null
        }, {
          "tag_name" : "PP",
          "tag_description" : "PP"
        }, {
          "tag_name" : "PRED",
          "tag_description" : "PRED"
        }, {
          "tag_name" : "predet",
          "tag_description" : null
        }, {
          "tag_name" : "prep",
          "tag_description" : null
        }, {
          "tag_name" : "prt",
          "tag_description" : null
        }, {
          "tag_name" : "punct",
          "tag_description" : null
        }, {
          "tag_name" : "quantmod",
          "tag_description" : null
        }, {
          "tag_name" : "RC",
          "tag_description" : "RC"
        }, {
          "tag_name" : "rcmod",
          "tag_description" : null
        }, {
          "tag_name" : "RE",
          "tag_description" : "RE"
        }, {
          "tag_name" : "REL",
          "tag_description" : "REL"
        }, {
          "tag_name" : "ROOT",
          "tag_description" : "ROOT"
        }, {
          "tag_name" : "S",
          "tag_description" : "S"
        }, {
          "tag_name" : "SB",
          "tag_description" : "SB"
        }, {
          "tag_name" : "SBP",
          "tag_description" : "SBP"
        }, {
          "tag_name" : "SUBJ",
          "tag_description" : "SUBJ"
        }, {
          "tag_name" : "SUBJ2",
          "tag_description" : "SUBJ2"
        }, {
          "tag_name" : "SUBJ3",
          "tag_description" : "SUBJ3"
        }, {
          "tag_name" : "SUBJC",
          "tag_description" : "SUBJC"
        }, {
          "tag_name" : "SUBJC2",
          "tag_description" : "SUBJC2"
        }, {
          "tag_name" : "SUBJC3",
          "tag_description" : "SUBJC3"
        }, {
          "tag_name" : "SUBJI",
          "tag_description" : "SUBJI"
        }, {
          "tag_name" : "SUBJI2",
          "tag_description" : "SUBJI2"
        }, {
          "tag_name" : "SUBJI3",
          "tag_description" : "SUBJI3"
        }, {
          "tag_name" : "SVP",
          "tag_description" : "SVP"
        }, {
          "tag_name" : "tmod",
          "tag_description" : null
        }, {
          "tag_name" : "UC",
          "tag_description" : "UC"
        }, {
          "tag_name" : "VOK",
          "tag_description" : "VOK"
        }, {
          "tag_name" : "xcomp",
          "tag_description" : null
        }, {
          "tag_name" : "ZEIT",
          "tag_description" : "ZEIT"
        }, {
          "tag_name" : "_",
          "tag_description" : null
        } ],
        "create_tag" : true
      },
      "uiName" : "Relation",
      "type" : "uima.cas.String",
      "enabled" : true,
      "visible" : true,
      "required" : false,
      "remember" : false,
      "hideUnconstraintFeature" : false,
      "description" : "Dependency relation",
      "project_name" : "demo-corr-en",
      "multi_value_mode" : "NONE",
      "link_mode" : "NONE",
      "link_type_name" : null,
      "link_type_role_feature_name" : null,
      "link_type_target_feature_name" : null
    } ],
    "uiName" : "Dependency",
    "type" : "relation",
    "description" : null,
    "enabled" : true,
    "built_in" : true,
    "readonly" : false,
    "attach_type" : {
      "name" : "de.tudarmstadt.ukp.dkpro.core.api.segmentation.type.Token",
      "features" : [ {
        "name" : "lemma",
        "tag_set" : null,
        "uiName" : "lemma",
        "type" : "de.tudarmstadt.ukp.dkpro.core.api.segmentation.type.Lemma",
        "enabled" : true,
        "visible" : true,
        "required" : false,
        "remember" : false,
        "hideUnconstraintFeature" : false,
        "description" : null,
        "project_name" : "demo-corr-en",
        "multi_value_mode" : "NONE",
        "link_mode" : "NONE",
        "link_type_name" : null,
        "link_type_role_feature_name" : null,
        "link_type_target_feature_name" : null
      }, {
        "name" : "pos",
        "tag_set" : null,
        "uiName" : "pos",
        "type" : "de.tudarmstadt.ukp.dkpro.core.api.lexmorph.type.pos.POS",
        "enabled" : true,
        "visible" : true,
        "required" : false,
        "remember" : false,
        "hideUnconstraintFeature" : false,
        "description" : null,
        "project_name" : "demo-corr-en",
        "multi_value_mode" : "NONE",
        "link_mode" : "NONE",
        "link_type_name" : null,
        "link_type_role_feature_name" : null,
        "link_type_target_feature_name" : null
      } ],
      "uiName" : "Token",
      "type" : "span",
      "description" : null,
      "enabled" : true,
      "built_in" : true,
      "readonly" : false,
      "attach_type" : null,
      "attach_feature" : null,
      "lock_to_token_offset" : true,
      "allow_stacking" : false,
      "cross_sentence" : false,
      "multiple_tokens" : false,
      "project_name" : "demo-corr-en",
      "linked_list_behavior" : false,
      "on_click_javascript_action" : null
    },
    "attach_feature" : {
      "name" : "pos",
      "tag_set" : null,
      "uiName" : "pos",
      "type" : "de.tudarmstadt.ukp.dkpro.core.api.lexmorph.type.pos.POS",
      "enabled" : true,
      "visible" : true,
      "required" : false,
      "remember" : false,
      "hideUnconstraintFeature" : false,
      "description" : null,
      "project_name" : "demo-corr-en",
      "multi_value_mode" : "NONE",
      "link_mode" : "NONE",
      "link_type_name" : null,
      "link_type_role_feature_name" : null,
      "link_type_target_feature_name" : null
    },
    "lock_to_token_offset" : true,
    "allow_stacking" : false,
    "cross_sentence" : false,
    "multiple_tokens" : false,
    "project_name" : "demo-corr-en",
    "linked_list_behavior" : false,
    "on_click_javascript_action" : null
  }, {
    "name" : "de.tudarmstadt.ukp.dkpro.core.api.segmentation.type.Lemma",
    "features" : [ {
      "name" : "value",
      "tag_set" : null,
      "uiName" : "Lemma value",
      "type" : "uima.cas.String",
      "enabled" : true,
      "visible" : true,
      "required" : false,
      "remember" : false,
      "hideUnconstraintFeature" : false,
      "description" : "lemma Annotation",
      "project_name" : "demo-corr-en",
      "multi_value_mode" : "NONE",
      "link_mode" : "NONE",
      "link_type_name" : null,
      "link_type_role_feature_name" : null,
      "link_type_target_feature_name" : null
    } ],
    "uiName" : "Lemma",
    "type" : "span",
    "description" : null,
    "enabled" : true,
    "built_in" : true,
    "readonly" : false,
    "attach_type" : {
      "name" : "de.tudarmstadt.ukp.dkpro.core.api.segmentation.type.Token",
      "features" : [ {
        "name" : "lemma",
        "tag_set" : null,
        "uiName" : "lemma",
        "type" : "de.tudarmstadt.ukp.dkpro.core.api.segmentation.type.Lemma",
        "enabled" : true,
        "visible" : true,
        "required" : false,
        "remember" : false,
        "hideUnconstraintFeature" : false,
        "description" : null,
        "project_name" : "demo-corr-en",
        "multi_value_mode" : "NONE",
        "link_mode" : "NONE",
        "link_type_name" : null,
        "link_type_role_feature_name" : null,
        "link_type_target_feature_name" : null
      }, {
        "name" : "pos",
        "tag_set" : null,
        "uiName" : "pos",
        "type" : "de.tudarmstadt.ukp.dkpro.core.api.lexmorph.type.pos.POS",
        "enabled" : true,
        "visible" : true,
        "required" : false,
        "remember" : false,
        "hideUnconstraintFeature" : false,
        "description" : null,
        "project_name" : "demo-corr-en",
        "multi_value_mode" : "NONE",
        "link_mode" : "NONE",
        "link_type_name" : null,
        "link_type_role_feature_name" : null,
        "link_type_target_feature_name" : null
      } ],
      "uiName" : "Token",
      "type" : "span",
      "description" : null,
      "enabled" : true,
      "built_in" : true,
      "readonly" : false,
      "attach_type" : null,
      "attach_feature" : null,
      "lock_to_token_offset" : true,
      "allow_stacking" : false,
      "cross_sentence" : false,
      "multiple_tokens" : false,
      "project_name" : "demo-corr-en",
      "linked_list_behavior" : false,
      "on_click_javascript_action" : null
    },
    "attach_feature" : {
      "name" : "lemma",
      "tag_set" : null,
      "uiName" : "lemma",
      "type" : "de.tudarmstadt.ukp.dkpro.core.api.segmentation.type.Lemma",
      "enabled" : true,
      "visible" : true,
      "required" : false,
      "remember" : false,
      "hideUnconstraintFeature" : false,
      "description" : null,
      "project_name" : "demo-corr-en",
      "multi_value_mode" : "NONE",
      "link_mode" : "NONE",
      "link_type_name" : null,
      "link_type_role_feature_name" : null,
      "link_type_target_feature_name" : null
    },
    "lock_to_token_offset" : true,
    "allow_stacking" : false,
    "cross_sentence" : false,
    "multiple_tokens" : false,
    "project_name" : "demo-corr-en",
    "linked_list_behavior" : false,
    "on_click_javascript_action" : null
  }, {
    "name" : "de.tudarmstadt.ukp.dkpro.core.api.ner.type.NamedEntity",
    "features" : [ {
      "name" : "value",
      "tag_set" : {
        "name" : "NER_WebAnno",
        "typeUiName" : null,
        "description" : "Named Entity annotation",
        "language" : "de",
        "type" : null,
        "type_name" : null,
        "type_description" : null,
        "tags" : [ {
          "tag_name" : "DATE",
          "tag_description" : null
        }, {
          "tag_name" : "LOC",
          "tag_description" : "Location derivatives"
        }, {
          "tag_name" : "LOCATION",
          "tag_description" : null
        }, {
          "tag_name" : "LOCderiv",
          "tag_description" : "Location derivative"
        }, {
          "tag_name" : "LOCpart",
          "tag_description" : "Hyphenated part  is location"
        }, {
          "tag_name" : "MONEY",
          "tag_description" : null
        }, {
          "tag_name" : "ORG",
          "tag_description" : "Organization"
        }, {
          "tag_name" : "ORGANIZATION",
          "tag_description" : null
        }, {
          "tag_name" : "ORGderiv",
          "tag_description" : "Organization derivative"
        }, {
          "tag_name" : "ORGpart",
          "tag_description" : "Hyphenated part  is organization"
        }, {
          "tag_name" : "OTH",
          "tag_description" : "Other: Every name that is not a location, person or organisation"
        }, {
          "tag_name" : "OTHderiv",
          "tag_description" : "Other derivative"
        }, {
          "tag_name" : "OTHpart",
          "tag_description" : "Hyphenated part  is Other"
        }, {
          "tag_name" : "PER",
          "tag_description" : "Person"
        }, {
          "tag_name" : "PERCENT",
          "tag_description" : null
        }, {
          "tag_name" : "PERderiv",
          "tag_description" : "Person derivative"
        }, {
          "tag_name" : "PERpart",
          "tag_description" : "Hyphenated part  is person"
        }, {
          "tag_name" : "PERSON",
          "tag_description" : null
        }, {
          "tag_name" : "TIME",
          "tag_description" : null
        } ],
        "create_tag" : true
      },
      "uiName" : "value",
      "type" : "uima.cas.String",
      "enabled" : true,
      "visible" : true,
      "required" : false,
      "remember" : false,
      "hideUnconstraintFeature" : false,
      "description" : "Named entity type",
      "project_name" : "demo-corr-en",
      "multi_value_mode" : "NONE",
      "link_mode" : "NONE",
      "link_type_name" : null,
      "link_type_role_feature_name" : null,
      "link_type_target_feature_name" : null
    } ],
    "uiName" : "Named Entity",
    "type" : "span",
    "description" : null,
    "enabled" : true,
    "built_in" : true,
    "readonly" : false,
    "attach_type" : null,
    "attach_feature" : null,
    "lock_to_token_offset" : false,
    "allow_stacking" : true,
    "cross_sentence" : false,
    "multiple_tokens" : true,
    "project_name" : "demo-corr-en",
    "linked_list_behavior" : false,
    "on_click_javascript_action" : null
  }, {
    "name" : "de.tudarmstadt.ukp.dkpro.core.api.lexmorph.type.pos.POS",
    "features" : [ {
      "name" : "PosValue",
      "tag_set" : {
        "name" : "STTS",
        "typeUiName" : null,
        "description" : "Stuttgart-Tübingen-Tag-Set \nGerman Part of Speech tagset STTS Tag Table (1995/1999): http://www.ims.uni-stuttgart.de/projekte/corplex/TagSets/stts-table.html",
        "language" : "de",
        "type" : null,
        "type_name" : null,
        "type_description" : null,
        "tags" : [ {
          "tag_name" : "\"",
          "tag_description" : null
        }, {
          "tag_name" : "$(",
          "tag_description" : "sonstige Satzzeichen; satzintern \nBsp: - [,]()"
        }, {
          "tag_name" : "$,",
          "tag_description" : "Komma \nBsp: ,"
        }, {
          "tag_name" : "$.",
          "tag_description" : "Satzbeendende Interpunktion \nBsp: . ? ! ; :   "
        }, {
          "tag_name" : ",",
          "tag_description" : null
        }, {
          "tag_name" : "--",
          "tag_description" : "--"
        }, {
          "tag_name" : ".",
          "tag_description" : null
        }, {
          "tag_name" : ":",
          "tag_description" : null
        }, {
          "tag_name" : "ADJA",
          "tag_description" : "attributives Adjektiv \nBsp: [das] große [Haus]"
        }, {
          "tag_name" : "ADJD",
          "tag_description" : "adverbiales oder prädikatives Adjektiv \nBsp: [er fährt] schnell, [er ist] schnell"
        }, {
          "tag_name" : "ADV",
          "tag_description" : "Adverb \nBsp: schon, bald, doch "
        }, {
          "tag_name" : "APPO",
          "tag_description" : "Postposition \nBsp: [ihm] zufolge, [der Sache] wegen"
        }, {
          "tag_name" : "APPR",
          "tag_description" : "Präposition; Zirkumposition links \nBsp: in [der Stadt], ohne [mich]"
        }, {
          "tag_name" : "APPRART",
          "tag_description" : "Präposition mit Artikel \nBsp: im [Haus], zur [Sache]"
        }, {
          "tag_name" : "APZR",
          "tag_description" : "Zirkumposition rechts \nBsp: [von jetzt] an"
        }, {
          "tag_name" : "ART",
          "tag_description" : "bestimmter oder unbestimmter Artikel \nBsp: der, die, das, ein, eine"
        }, {
          "tag_name" : "CARD",
          "tag_description" : "Kardinalzahl \nBsp: zwei [Männer], [im Jahre] 1994"
        }, {
          "tag_name" : "CC",
          "tag_description" : null
        }, {
          "tag_name" : "CD",
          "tag_description" : null
        }, {
          "tag_name" : "DT",
          "tag_description" : null
        }, {
          "tag_name" : "EX",
          "tag_description" : null
        }, {
          "tag_name" : "FM",
          "tag_description" : "Fremdsprachliches Material \nBsp: [Er hat das mit ``] A big fish ['' übersetzt]"
        }, {
          "tag_name" : "IN",
          "tag_description" : null
        }, {
          "tag_name" : "ITJ",
          "tag_description" : "Interjektion \nBsp: mhm, ach, tja"
        }, {
          "tag_name" : "JJ",
          "tag_description" : null
        }, {
          "tag_name" : "KOKOM",
          "tag_description" : "Vergleichskonjunktion \nBsp: als, wie"
        }, {
          "tag_name" : "KON",
          "tag_description" : "nebenordnende Konjunktion \nBsp: und, oder, aber"
        }, {
          "tag_name" : "KOUI",
          "tag_description" : "unterordnende Konjunktion mit ``zu'' und Infinitiv \nBsp: um [zu leben], anstatt [zu fragen]"
        }, {
          "tag_name" : "KOUS",
          "tag_description" : "unterordnende Konjunktion mit Satz \nBsp: weil, daß, damit, wenn, ob "
        }, {
          "tag_name" : "MD",
          "tag_description" : null
        }, {
          "tag_name" : "NE",
          "tag_description" : "Eigennamen \nBsp: Hans, Hamburg, HSV "
        }, {
          "tag_name" : "NN",
          "tag_description" : "normales Nomen \nBsp: Tisch, Herr, [das] Reisen"
        }, {
          "tag_name" : "NNP",
          "tag_description" : null
        }, {
          "tag_name" : "NNS",
          "tag_description" : null
        }, {
          "tag_name" : "PAV",
          "tag_description" : "Pronominaladverb \nBsp: dafür, dabei, deswegen, trotzdem "
        }, {
          "tag_name" : "PDAT",
          "tag_description" : "attribuierendes Demonstrativpronomen \nBsp: jener [Mensch]"
        }, {
          "tag_name" : "PDS",
          "tag_description" : "substituierendes Demonstrativpronomen \nBsp: dieser, jener"
        }, {
          "tag_name" : "PDT",
          "tag_description" : null
        }, {
          "tag_name" : "PIAT",
          "tag_description" : "attribuierendes Indefinitpronomen ohne Determiner \nBsp: kein [Mensch], irgendein [Glas]   "
        }, {
          "tag_name" : "PIDAT",
          "tag_description" : "attribuierendes Indefinitpronomen mit Determiner \nBsp: [ein] wenig [Wasser], [die] beiden [Brüder] "
        }, {
          "tag_name" : "PIS",
          "tag_description" : "substituierendes Indefinitpronomen \nBsp: keiner, viele, man, niemand "
        }, {
          "tag_name" : "POS",
          "tag_description" : null
        }, {
          "tag_name" : "PPER",
          "tag_description" : "irreflexives Personalpronomen \nBsp: ich, er, ihm, mich, dir"
        }, {
          "tag_name" : "PPOSAT",
          "tag_description" : "attribuierendes Possessivpronome \nBsp: mein [Buch], deine [Mutter] "
        }, {
          "tag_name" : "PPOSS",
          "tag_description" : "substituierendes Possessivpronome \nBsp: meins, deiner"
        }, {
          "tag_name" : "PRELAT",
          "tag_description" : "attribuierendes Relativpronomen \nBsp: [der Mann ,] dessen [Hund]   "
        }, {
          "tag_name" : "PRELS",
          "tag_description" : "substituierendes Relativpronomen \nBsp: [der Hund ,] der  "
        }, {
          "tag_name" : "PRF",
          "tag_description" : "reflexives Personalpronomen \nBsp: sich, einander, dich, mir"
        }, {
          "tag_name" : "PROAV",
          "tag_description" : "PROAV"
        }, {
          "tag_name" : "PRP",
          "tag_description" : null
        }, {
          "tag_name" : "PRP$",
          "tag_description" : null
        }, {
          "tag_name" : "PTKA",
          "tag_description" : "Partikel bei Adjektiv oder Adverb \nBsp: am [schönsten], zu [schnell]"
        }, {
          "tag_name" : "PTKANT",
          "tag_description" : "Antwortpartikel \nBsp: ja, nein, danke, bitte  "
        }, {
          "tag_name" : "PTKNEG",
          "tag_description" : "Negationspartikel \nBsp: nicht"
        }, {
          "tag_name" : "PTKVZ",
          "tag_description" : "abgetrennter Verbzusatz \nBsp: [er kommt] an, [er fährt] rad   "
        }, {
          "tag_name" : "PTKZU",
          "tag_description" : "``zu'' vor Infinitiv \nBsp: zu [gehen]"
        }, {
          "tag_name" : "PWAT",
          "tag_description" : "attribuierendes Interrogativpronomen \nBsp: welche [Farbe], wessen [Hut]  "
        }, {
          "tag_name" : "PWAV",
          "tag_description" : "adverbiales Interrogativ- oder Relativpronomen \nBsp: warum, wo, wann, worüber, wobei"
        }, {
          "tag_name" : "PWS",
          "tag_description" : "substituierendes Interrogativpronomen \nBsp: wer, was"
        }, {
          "tag_name" : "RB",
          "tag_description" : null
        }, {
          "tag_name" : "RBS",
          "tag_description" : null
        }, {
          "tag_name" : "RP",
          "tag_description" : null
        }, {
          "tag_name" : "TO",
          "tag_description" : null
        }, {
          "tag_name" : "TRUNC",
          "tag_description" : "Kompositions-Erstglied \nBsp: An- [und Abreise]"
        }, {
          "tag_name" : "UH",
          "tag_description" : null
        }, {
          "tag_name" : "VAFIN",
          "tag_description" : "finites Verb, aux \nBsp: [du] bist, [wir] werden  "
        }, {
          "tag_name" : "VAIMP",
          "tag_description" : "Imperativ, aux \nBsp: sei [ruhig !]  "
        }, {
          "tag_name" : "VAINF",
          "tag_description" : "Infinitiv, aux \nBsp:werden, sein  "
        }, {
          "tag_name" : "VAPP",
          "tag_description" : "Partizip Perfekt, aux \nBsp: gewesen "
        }, {
          "tag_name" : "VB",
          "tag_description" : null
        }, {
          "tag_name" : "VBD",
          "tag_description" : null
        }, {
          "tag_name" : "VBG",
          "tag_description" : null
        }, {
          "tag_name" : "VBN",
          "tag_description" : null
        }, {
          "tag_name" : "VBP",
          "tag_description" : null
        }, {
          "tag_name" : "VBZ",
          "tag_description" : null
        }, {
          "tag_name" : "VMFIN",
          "tag_description" : "finites Verb, modal \nBsp: dürfen  "
        }, {
          "tag_name" : "VMINF",
          "tag_description" : "Infinitiv, modal \nBsp: wollen "
        }, {
          "tag_name" : "VMPP",
          "tag_description" : "Partizip Perfekt, modal \nBsp: gekonnt, [er hat gehen] können "
        }, {
          "tag_name" : "VVFIN",
          "tag_description" : "finites Verb, voll \nBsp: [du] gehst, [wir] kommen [an]   "
        }, {
          "tag_name" : "VVIMP",
          "tag_description" : "Imperativ, voll \nBsp: komm [!] "
        }, {
          "tag_name" : "VVINF",
          "tag_description" : "Infinitiv, voll \nBsp: gehen, ankommen"
        }, {
          "tag_name" : "VVIZU",
          "tag_description" : "Infinitiv mit ``zu'', voll \nBsp: anzukommen, loszulassen "
        }, {
          "tag_name" : "VVPP",
          "tag_description" : "Partizip Perfekt, voll \nBsp:gegangen, angekommen "
        }, {
          "tag_name" : "WDT",
          "tag_description" : null
        }, {
          "tag_name" : "WP",
          "tag_description" : null
        }, {
          "tag_name" : "WP$",
          "tag_description" : null
        }, {
          "tag_name" : "WRB",
          "tag_description" : null
        }, {
          "tag_name" : "XY",
          "tag_description" : "Nichtwort, Sonderzeichen enthaltend \nBsp:3:7, H2O, D2XW3"
        }, {
          "tag_name" : "``",
          "tag_description" : null
        } ],
        "create_tag" : true
      },
      "uiName" : "PosValue",
      "type" : "uima.cas.String",
      "enabled" : true,
      "visible" : true,
      "required" : false,
      "remember" : false,
      "hideUnconstraintFeature" : false,
      "description" : "Part-of-speech tag",
      "project_name" : "demo-corr-en",
      "multi_value_mode" : "NONE",
      "link_mode" : "NONE",
      "link_type_name" : null,
      "link_type_role_feature_name" : null,
      "link_type_target_feature_name" : null
    } ],
    "uiName" : "POS",
    "type" : "span",
    "description" : null,
    "enabled" : true,
    "built_in" : true,
    "readonly" : false,
    "attach_type" : {
      "name" : "de.tudarmstadt.ukp.dkpro.core.api.segmentation.type.Token",
      "features" : [ {
        "name" : "lemma",
        "tag_set" : null,
        "uiName" : "lemma",
        "type" : "de.tudarmstadt.ukp.dkpro.core.api.segmentation.type.Lemma",
        "enabled" : true,
        "visible" : true,
        "required" : false,
        "remember" : false,
        "hideUnconstraintFeature" : false,
        "description" : null,
        "project_name" : "demo-corr-en",
        "multi_value_mode" : "NONE",
        "link_mode" : "NONE",
        "link_type_name" : null,
        "link_type_role_feature_name" : null,
        "link_type_target_feature_name" : null
      }, {
        "name" : "pos",
        "tag_set" : null,
        "uiName" : "pos",
        "type" : "de.tudarmstadt.ukp.dkpro.core.api.lexmorph.type.pos.POS",
        "enabled" : true,
        "visible" : true,
        "required" : false,
        "remember" : false,
        "hideUnconstraintFeature" : false,
        "description" : null,
        "project_name" : "demo-corr-en",
        "multi_value_mode" : "NONE",
        "link_mode" : "NONE",
        "link_type_name" : null,
        "link_type_role_feature_name" : null,
        "link_type_target_feature_name" : null
      } ],
      "uiName" : "Token",
      "type" : "span",
      "description" : null,
      "enabled" : true,
      "built_in" : true,
      "readonly" : false,
      "attach_type" : null,
      "attach_feature" : null,
      "lock_to_token_offset" : true,
      "allow_stacking" : false,
      "cross_sentence" : false,
      "multiple_tokens" : false,
      "project_name" : "demo-corr-en",
      "linked_list_behavior" : false,
      "on_click_javascript_action" : null
    },
    "attach_feature" : {
      "name" : "pos",
      "tag_set" : null,
      "uiName" : "pos",
      "type" : "de.tudarmstadt.ukp.dkpro.core.api.lexmorph.type.pos.POS",
      "enabled" : true,
      "visible" : true,
      "required" : false,
      "remember" : false,
      "hideUnconstraintFeature" : false,
      "description" : null,
      "project_name" : "demo-corr-en",
      "multi_value_mode" : "NONE",
      "link_mode" : "NONE",
      "link_type_name" : null,
      "link_type_role_feature_name" : null,
      "link_type_target_feature_name" : null
    },
    "lock_to_token_offset" : true,
    "allow_stacking" : false,
    "cross_sentence" : false,
    "multiple_tokens" : false,
    "project_name" : "demo-corr-en",
    "linked_list_behavior" : false,
    "on_click_javascript_action" : null
  }, {
    "name" : "de.tudarmstadt.ukp.dkpro.core.api.segmentation.type.Token",
    "features" : [ {
      "name" : "lemma",
      "tag_set" : null,
      "uiName" : "lemma",
      "type" : "de.tudarmstadt.ukp.dkpro.core.api.segmentation.type.Lemma",
      "enabled" : true,
      "visible" : true,
      "required" : false,
      "remember" : false,
      "hideUnconstraintFeature" : false,
      "description" : null,
      "project_name" : "demo-corr-en",
      "multi_value_mode" : "NONE",
      "link_mode" : "NONE",
      "link_type_name" : null,
      "link_type_role_feature_name" : null,
      "link_type_target_feature_name" : null
    }, {
      "name" : "pos",
      "tag_set" : null,
      "uiName" : "pos",
      "type" : "de.tudarmstadt.ukp.dkpro.core.api.lexmorph.type.pos.POS",
      "enabled" : true,
      "visible" : true,
      "required" : false,
      "remember" : false,
      "hideUnconstraintFeature" : false,
      "description" : null,
      "project_name" : "demo-corr-en",
      "multi_value_mode" : "NONE",
      "link_mode" : "NONE",
      "link_type_name" : null,
      "link_type_role_feature_name" : null,
      "link_type_target_feature_name" : null
    } ],
    "uiName" : "Token",
    "type" : "span",
    "description" : null,
    "enabled" : true,
    "built_in" : true,
    "readonly" : false,
    "attach_type" : null,
    "attach_feature" : null,
    "lock_to_token_offset" : true,
    "allow_stacking" : false,
    "cross_sentence" : false,
    "multiple_tokens" : false,
    "project_name" : "demo-corr-en",
    "linked_list_behavior" : false,
    "on_click_javascript_action" : null
  } ],
  "mira_templates" : [ ],
  "disableExport" : false,
  "script_direction" : "LTR"
}