1	Once	once	IN	O	O	7	prep	_	_
2	upon	upon	IN	O	O	1	pcomp	_	_
3	a	a	DT	O	O	4	det	_	_
4	time	time	NN	O	O	2	pobj	_	_
5	...	...	:	O	O	0	_	_	_
6	there	there	EX	O	O	7	expl	_	_
7	lived	live	VBD	O	O	0	_	_	_
8	an	a	DT	O	O	11	det	_	_
9	unhappy	unhappy	JJ	O	O	11	amod	_	_
10	young	young	JJ	O	O	11	amod	_	_
11	girl	girl	NN	O	O	7	dobj	_	_
12	.	.	.	O	O	0	_	_	_

1	Unhappy	unhappy	RB	O	O	3	advmod	_	_
2	she	she	PRP	O	O	3	nsubj	_	_
3	was	be	VBD	O	O	0	_	_	_
4	,	,	,	O	O	0	_	_	_
5	for	for	IN	O	O	3	dep	_	_
6	her	she	PRP$	O	O	7	poss	_	_
7	mother	mother	NN	O	O	9	nsubj	_	_
8	was	be	VBD	O	O	9	cop	_	_
9	dead	dead	JJ	O	O	3	dep	_	_
10	,	,	,	O	O	0	_	_	_
11	her	she	PRP$	O	O	12	poss	_	_
12	father	father	NN	O	O	14	nsubj	_	_
13	had	have	VBD	O	O	14	aux	_	_
14	married	marry	VBN	O	O	3	dep	_	_
15	another	another	DT	O	O	16	det	_	_
16	woman	woman	NN	O	O	14	dobj	_	_
17	,	,	,	O	O	0	_	_	_
18	a	a	DT	O	O	19	det	_	_
19	widow	widow	NN	O	O	16	appos	_	_
20	with	with	IN	O	O	19	prep	_	_
21	two	two	CD	O	O	22	num	_	_
22	daughters	daughter	NNS	O	O	20	pobj	_	_
23	,	,	,	O	O	0	_	_	_
24	and	and	CC	O	O	3	cc	_	_
25	her	she	PRP$	O	O	26	poss	_	_
26	stepmother	stepmother	NN	O	O	27	nsubj	_	_
27	did	do	VBD	O	O	3	conj	_	_
28	n't	not	RB	O	O	27	neg	_	_
29	like	like	IN	O	O	27	prep	_	_
30	her	she	PRP$	O	O	33	poss	_	_
31	one	one	CD	O	O	33	num	_	_
32	little	little	JJ	O	O	33	amod	_	_
33	bit	bit	NN	O	O	29	pobj	_	_
34	.	.	.	O	O	0	_	_	_

1	All	all	PDT	O	O	4	predet	_	_
2	the	the	DT	O	O	4	det	_	_
3	nice	nice	JJ	O	O	4	amod	_	_
4	things	thing	NNS	O	O	11	nsubj	_	_
5	,	,	,	O	O	0	_	_	_
6	kind	kind	NN	O	O	7	nn	_	_
7	thoughts	thought	NNS	O	O	4	conj	_	_
8	and	and	CC	O	O	4	cc	_	_
9	loving	love	VBG	O	O	10	amod	_	_
10	touches	touch	NNS	O	O	4	conj	_	_
11	were	be	VBD	O	O	0	_	_	_
12	for	for	IN	O	O	11	prep	_	_
13	her	she	PRP$	O	O	15	poss	_	_
14	own	own	JJ	O	O	15	amod	_	_
15	daughters	daughter	NNS	O	O	12	pobj	_	_
16	.	.	.	O	O	0	_	_	_

1	And	and	CC	O	O	6	cc	_	_
2	not	not	RB	O	O	3	dep	_	_
3	just	just	RB	O	O	6	dep	_	_
4	the	the	DT	O	O	6	det	_	_
5	kind	kind	NN	O	O	6	nn	_	_
6	thoughts	thought	NNS	O	O	0	_	_	_
7	and	and	CC	O	O	6	cc	_	_
8	love	love	NN	O	O	6	conj	_	_
9	,	,	,	O	O	0	_	_	_
10	but	but	CC	O	O	11	cc	_	_
11	also	also	RB	O	O	12	cc	_	_
12	dresses	dress	NNS	O	O	6	appos	_	_
13	,	,	,	O	O	0	_	_	_
14	shoes	shoe	NNS	O	O	12	appos	_	_
15	,	,	,	O	O	0	_	_	_
16	shawls	shawl	NNS	O	O	12	appos	_	_
17	,	,	,	O	O	0	_	_	_
18	delicious	delicious	JJ	O	O	19	amod	_	_
19	food	food	NN	O	O	12	appos	_	_
20	,	,	,	O	O	0	_	_	_
21	comfy	comfy	JJ	O	O	22	amod	_	_
22	beds	bed	NNS	O	O	12	appos	_	_
23	,	,	,	O	O	0	_	_	_
24	as	as	RB	O	O	25	advmod	_	_
25	well	well	RB	O	O	12	cc	_	_
26	as	as	IN	O	O	25	mwe	_	_
27	every	every	DT	O	O	29	det	_	_
28	home	home	NN	O	O	29	nn	_	_
29	comfort	comfort	NN	O	O	12	conj	_	_
30	.	.	.	O	O	0	_	_	_

1	All	all	PDT	O	O	2	predet	_	_
2	this	this	DT	O	O	4	nsubjpass	_	_
3	was	be	VBD	O	O	4	auxpass	_	_
4	laid	lay	VBN	O	O	0	_	_	_
5	on	on	RP	O	O	4	prt	_	_
6	for	for	IN	O	O	4	prep	_	_
7	her	she	PRP$	O	O	8	poss	_	_
8	daughters	daughter	NNS	O	O	6	pobj	_	_
9	.	.	.	O	O	0	_	_	_

1	But	but	CC	O	O	10	cc	_	_
2	,	,	,	O	O	0	_	_	_
3	for	for	IN	O	O	10	prep	_	_
4	the	the	DT	O	O	7	det	_	_
5	poor	poor	JJ	O	O	7	amod	_	_
6	unhappy	unhappy	JJ	O	O	7	amod	_	_
7	girl	girl	NN	O	O	3	pobj	_	_
8	,	,	,	O	O	0	_	_	_
9	there	there	EX	O	O	10	expl	_	_
10	was	be	VBD	O	O	0	_	_	_
11	nothing	nothing	NN	O	O	10	nsubj	_	_
12	at	at	IN	O	O	10	prep	_	_
13	all	all	DT	O	O	12	pobj	_	_
14	.	.	.	O	O	0	_	_	_

1	No	no	DT	O	O	2	det	_	_
2	dresses	dress	NNS	O	O	0	_	_	_
3	,	,	,	O	O	0	_	_	_
4	only	only	RB	O	O	2	advmod	_	_
5	her	she	PRP$	O	O	6	poss	_	_
6	stepsisters	stepsister	NNS	O	O	8	poss	_	_
7	'	'	POS	O	O	0	_	_	_
8	hand-me-downs	hand-me-downs	NNS	O	O	2	dep	_	_
9	.	.	.	O	O	0	_	_	_

1	No	no	DT	O	O	3	det	_	_
2	lovely	lovely	JJ	O	O	3	amod	_	_
3	dishes	dish	NNS	O	O	7	nsubj	_	_
4	,	,	,	O	O	0	_	_	_
5	nothing	nothing	NN	O	O	3	appos	_	_
6	but	but	CC	O	O	5	advmod	_	_
7	scraps	scrap	VBZ	O	O	0	_	_	_
8	.	.	.	O	O	0	_	_	_

1	No	no	DT	O	O	2	det	_	_
2	nice	nice	JJ	O	O	3	nsubj	_	_
3	rests	rest	VBZ	O	O	0	_	_	_
4	and	and	CC	O	O	3	cc	_	_
5	comfort	comfort	NN	O	O	3	conj	_	_
6	.	.	.	O	O	0	_	_	_

1	For	for	IN	O	O	3	dep	_	_
2	she	she	PRP	O	O	3	nsubj	_	_
3	had	have	VBD	O	O	0	_	_	_
4	to	to	TO	O	O	5	aux	_	_
5	work	work	VB	O	O	3	xcomp	_	_
6	hard	hard	JJ	O	O	5	acomp	_	_
7	all	all	DT	O	O	8	det	_	_
8	day	day	NN	O	O	5	tmod	_	_
9	,	,	,	O	O	0	_	_	_
10	and	and	CC	O	O	3	cc	_	_
11	only	only	RB	O	O	12	advmod	_	_
12	when	when	WRB	O	O	14	advmod	_	_
13	evening	evening	NN	O	O	14	nsubj	_	_
14	came	come	VBD	O	O	15	advcl	_	_
15	was	be	VBD	O	O	3	conj	_	_
16	she	she	PRP	O	O	17	nsubj	_	_
17	allowed	allow	VBN	O	O	15	dep	_	_
18	to	to	TO	O	O	19	aux	_	_
19	sit	sit	VB	O	O	17	xcomp	_	_
20	for	for	IN	O	O	19	prep	_	_
21	a	a	DT	O	O	22	det	_	_
22	while	while	NN	O	O	20	pobj	_	_
23	by	by	IN	O	O	19	prep	_	_
24	the	the	DT	O	O	25	det	_	_
25	fire	fire	NN	O	O	23	pobj	_	_
26	,	,	,	O	O	0	_	_	_
27	near	near	IN	O	O	19	prep	_	_
28	the	the	DT	O	O	29	det	_	_
29	cinders	cinder	NNS	O	O	27	pobj	_	_
30	.	.	.	O	O	0	_	_	_

1	That	that	DT	O	O	2	nsubj	_	_
2	is	be	VBZ	O	O	0	_	_	_
3	how	how	WRB	O	O	5	advmod	_	_
4	she	she	PRP	O	O	5	nsubj	_	_
5	got	get	VBD	O	O	2	ccomp	_	_
6	her	she	PRP$	O	O	7	poss	_	_
7	nickname	nickname	NN	O	O	5	dobj	_	_
8	,	,	,	O	O	0	_	_	_
9	for	for	IN	O	O	7	prep	_	_
10	everybody	everybody	NN	O	O	9	pobj	_	_
11	called	call	VBN	O	O	10	partmod	_	_
12	her	she	PRP$	O	O	13	poss	_	_
13	Cinderella	Cinderella	NNP	O	O	11	dobj	_	_
14	.	.	.	O	O	0	_	_	_

1	Cinderella	Cinderella	NNP	O	O	2	nsubj	_	_
2	used	use	VBD	O	O	0	_	_	_
3	to	to	TO	O	O	4	aux	_	_
4	spend	spend	VB	O	O	2	xcomp	_	_
5	long	long	JJ	O	O	6	amod	_	_
6	hours	hour	NNS	O	O	4	dobj	_	_
7	all	all	RB	O	O	4	advmod	_	_
8	alonetalking	alonetalk	VBG	O	O	4	prep	_	_
9	to	to	TO	O	O	8	pcomp	_	_
10	the	the	DT	O	O	11	det	_	_
11	cat	cat	NN	O	O	9	pobj	_	_
12	.	.	.	O	O	0	_	_	_

1	The	the	DT	O	O	2	det	_	_
2	cat	cat	NN	O	O	3	nsubj	_	_
3	said	say	VBD	O	O	0	_	_	_
4	,	,	,	O	O	0	_	_	_
5	``	``	``	O	O	13	punct	_	_
6	Miaow``	Miaow``	NNP	O	O	13	nsubj	_	_
7	,	,	,	O	O	0	_	_	_
8	which	which	WDT	O	O	10	nsubj	_	_
9	really	really	RB	O	O	10	advmod	_	_
10	meant	mean	VBD	O	O	6	rcmod	_	_
11	,	,	,	O	O	0	_	_	_
12	``	``	``	O	O	6	punct	_	_
13	Cheer	cheer	VBD	O	O	3	ccomp	_	_
14	up	up	RP	O	O	13	prt	_	_
15	!	!	.	O	O	0	_	_	_

1	You	you	PRP	O	O	2	nsubj	_	_
2	have	have	VBP	O	O	0	_	_	_
3	something	something	NN	O	O	2	dobj	_	_
4	neither	neither	DT	O	O	8	nsubj	_	_
5	of	of	IN	O	O	4	prep	_	_
6	your	you	PRP$	O	O	7	poss	_	_
7	stepsisters	stepsister	NNS	O	O	5	pobj	_	_
8	have	have	VBP	O	O	2	ccomp	_	_
9	and	and	CC	O	O	8	cc	_	_
10	that	that	IN	O	O	12	mark	_	_
11	is	be	VBZ	O	O	12	cop	_	_
12	beauty	beauty	NN	O	O	8	conj	_	_
13	.	.	.	O	O	0	_	_	_
14	``	``	''	O	O	2	punct	_	_

1	It	it	PRP	O	O	4	nsubj	_	_
2	was	be	VBD	O	O	4	cop	_	_
3	quite	quite	RB	O	O	4	advmod	_	_
4	true	true	JJ	O	O	0	_	_	_
5	.	.	.	O	O	0	_	_	_

1	Cinderella	Cinderella	NNP	O	O	19	nsubj	_	_
2	,	,	,	O	O	0	_	_	_
3	even	even	RB	O	O	4	advmod	_	_
4	dressed	dress	VBN	O	O	1	partmod	_	_
5	in	in	IN	O	O	4	prep	_	_
6	rags	rag	NNS	O	O	5	pobj	_	_
7	with	with	IN	O	O	4	prep	_	_
8	a	a	DT	O	O	11	det	_	_
9	dusty	dusty	JJ	O	O	11	amod	_	_
10	grey	grey	JJ	O	O	11	amod	_	_
11	face	face	NN	O	O	7	pobj	_	_
12	from	from	IN	O	O	4	prep	_	_
13	the	the	DT	O	O	14	det	_	_
14	cinders	cinder	NNS	O	O	12	pobj	_	_
15	,	,	,	O	O	0	_	_	_
16	was	be	VBD	O	O	19	cop	_	_
17	a	a	DT	O	O	19	det	_	_
18	lovely	lovely	JJ	O	O	19	amod	_	_
19	girl	girl	NN	O	O	0	_	_	_
20	.	.	.	O	O	0	_	_	_

1	While	while	IN	O	O	16	mark	_	_
2	her	she	PRP$	O	O	3	poss	_	_
3	stepsisters	stepsister	NNS	O	O	16	nsubj	_	_
4	,	,	,	O	O	0	_	_	_
5	no	no	DT	O	O	6	det	_	_
6	matter	matter	NN	O	O	3	appos	_	_
7	how	how	WRB	O	O	8	advmod	_	_
8	splendid	splendid	JJ	O	O	11	amod	_	_
9	and	and	CC	O	O	8	cc	_	_
10	elegant	elegant	JJ	O	O	8	dep	_	_
11	thei	theus	NNS	O	O	12	nsubj	_	_
12	clothes	clothes	NNS	O	O	6	rcmod	_	_
13	,	,	,	O	O	0	_	_	_
14	were	be	VBD	O	O	16	cop	_	_
15	still	still	RB	O	O	16	advmod	_	_
16	clumsy	clumsy	JJ	O	O	24	advcl	_	_
17	,	,	,	O	O	0	_	_	_
18	lumpy	lumpy	JJ	O	O	24	csubj	_	_
19	and	and	CC	O	O	18	cc	_	_
20	ugly	ugly	JJ	O	O	18	conj	_	_
21	and	and	CC	O	O	18	cc	_	_
22	always	always	RB	O	O	18	advmod	_	_
23	would	would	MD	O	O	24	aux	_	_
24	be	be	VB	O	O	0	_	_	_
25	.	.	.	O	O	0	_	_	_

1	One	one	CD	O	O	2	num	_	_
2	day	day	NN	O	O	7	tmod	_	_
3	,	,	,	O	O	0	_	_	_
4	beautiful	beautiful	JJ	O	O	6	amod	_	_
5	new	new	JJ	O	O	6	amod	_	_
6	dresses	dress	NNS	O	O	7	nsubj	_	_
7	arrived	arrive	VBD	O	O	0	_	_	_
8	at	at	IN	O	O	7	prep	_	_
9	the	the	DT	O	O	10	det	_	_
10	house	house	NN	O	O	8	pobj	_	_
11	.	.	.	O	O	0	_	_	_

1	A	a	DT	O	O	2	det	_	_
2	ball	ball	NN	O	O	3	nsubj	_	_
3	was	be	VBD	O	O	0	_	_	_
4	to	to	TO	O	O	6	aux	_	_
5	be	be	VB	O	O	6	auxpass	_	_
6	held	hold	VBN	O	O	3	xcomp	_	_
7	at	at	IN	O	O	6	prep	_	_
8	Court	Court	NNP	O	O	7	pobj	_	_
9	and	and	CC	O	O	3	cc	_	_
10	the	the	DT	O	O	11	det	_	_
11	stepsisters	stepsister	NNS	O	O	14	nsubj	_	_
12	were	be	VBD	O	O	14	aux	_	_
13	getting	get	VBG	O	O	14	dep	_	_
14	ready	ready	JJ	O	O	3	conj	_	_
15	to	to	TO	O	O	16	aux	_	_
16	go	go	VB	O	O	14	xcomp	_	_
17	to	to	TO	O	O	16	prep	_	_
18	it	it	PRP	O	O	17	pobj	_	_
19	.	.	.	O	O	0	_	_	_

1	Cinderella	Cinderella	NNP	O	O	6	nsubj	_	_
2	,	,	,	O	O	0	_	_	_
3	did	do	VBD	O	O	6	aux	_	_
4	n't	not	RB	O	O	6	neg	_	_
5	even	even	RB	O	O	6	advmod	_	_
6	dare	dare	VB	O	O	0	_	_	_
7	ask	ask	VB	O	O	6	dep	_	_
8	,	,	,	O	O	0	_	_	_
9	``	``	``	O	O	7	punct	_	_
10	What	what	WP	O	O	7	dep	_	_
11	about	about	IN	O	O	10	prep	_	_
12	me	I	PRP	O	O	11	pobj	_	_
13	?	?	.	O	O	0	_	_	_
14	``	``	''	O	O	6	punct	_	_
15	for	for	IN	O	O	6	dep	_	_
16	she	she	PRP	O	O	17	nsubj	_	_
17	knew	know	VBD	O	O	6	ccomp	_	_
18	very	very	RB	O	O	19	advmod	_	_
19	well	well	RB	O	O	29	advmod	_	_
20	what	what	WP	O	O	29	dobj	_	_
21	the	the	DT	O	O	22	det	_	_
22	answer	answer	NN	O	O	29	nsubj	_	_
23	to	to	TO	O	O	22	prep	_	_
24	that	that	WDT	O	O	23	pobj	_	_
25	would	would	MD	O	O	29	aux	_	_
26	be	be	VB	O	O	29	cop	_	_
27	:	:	:	O	O	0	_	_	_
28	``	``	``	O	O	29	punct	_	_
29	You	you	PRP	O	O	17	ccomp	_	_
30	?	?	.	O	O	0	_	_	_

1	My	my	PRP$	O	O	3	poss	_	_
2	dear	dear	RB	O	O	3	amod	_	_
3	girl	girl	NN	O	O	7	ccomp	_	_
4	,	,	,	O	O	0	_	_	_
5	you	you	PRP	O	O	7	nsubj	_	_
6	're	be	VBP	O	O	7	aux	_	_
7	staying	stay	VBG	O	O	0	_	_	_
8	at	at	IN	O	O	7	prep	_	_
9	home	home	NN	O	O	8	pobj	_	_
10	to	to	TO	O	O	11	aux	_	_
11	wash	wash	VB	O	O	7	xcomp	_	_
12	the	the	DT	O	O	13	det	_	_
13	dishes	dish	NNS	O	O	11	dobj	_	_
14	,	,	,	O	O	0	_	_	_
15	scrub	scrub	NN	O	O	13	appos	_	_
16	the	the	DT	O	O	17	det	_	_
17	floors	floor	NNS	O	O	13	dep	_	_
18	and	and	CC	O	O	11	cc	_	_
19	turn	turn	VB	O	O	11	conj	_	_
20	down	down	RP	O	O	19	prt	_	_
21	the	the	DT	O	O	22	det	_	_
22	beds	bed	NNS	O	O	19	dobj	_	_
23	for	for	IN	O	O	22	prep	_	_
24	your	you	PRP$	O	O	25	poss	_	_
25	stepsisters	stepsister	NNS	O	O	23	pobj	_	_
26	.	.	.	O	O	0	_	_	_

1	They	they	PRP	O	O	3	nsubj	_	_
2	will	will	MD	O	O	3	aux	_	_
3	come	come	VB	O	O	0	_	_	_
4	home	home	NN	O	O	3	dobj	_	_
5	tired	tired	JJ	O	O	3	dep	_	_
6	and	and	CC	O	O	5	cc	_	_
7	very	very	RB	O	O	8	advmod	_	_
8	sleepy	sleepy	JJ	O	O	5	conj	_	_
9	.	.	.	O	O	0	_	_	_
10	``	``	''	O	O	3	punct	_	_

1	Cinderella	Cinderella	NNP	O	O	2	nsubj	_	_
2	sighed	sigh	VBD	O	O	0	_	_	_
3	at	at	IN	O	O	2	prep	_	_
4	the	the	DT	O	O	5	det	_	_
5	cat	cat	NN	O	O	3	pobj	_	_
6	.	.	.	O	O	0	_	_	_

1	``oh	``oh	RB	O	O	2	advmod	_	_
2	dear	dear	RB	O	O	15	advmod	_	_
3	,	,	,	O	O	0	_	_	_
4	I	I	PRP	O	O	7	nsubj	_	_
5	'm	be	VBP	O	O	7	cop	_	_
6	so	so	RB	O	O	7	advmod	_	_
7	unhappy	unhappy	JJ	O	O	15	parataxis	_	_
8	!	!	.	O	O	0	_	_	_
9	``	``	``	O	O	15	punct	_	_
10	and	and	CC	O	O	13	cc	_	_
11	the	the	DT	O	O	13	det	_	_
12	cat	cat	NN	O	O	13	nn	_	_
13	murmured	murmured	NN	O	O	15	nsubj	_	_
14	``	``	''	O	O	15	punct	_	_
15	Miaow``	miaow``	VBZ	O	O	0	_	_	_
16	.	.	.	O	O	0	_	_	_

1	Suddenly	suddenly	RB	O	O	4	advmod	_	_
2	something	something	NN	O	O	4	nsubj	_	_
3	amazing	amazing	JJ	O	O	2	amod	_	_
4	happened	happen	VBD	O	O	0	_	_	_
5	.	.	.	O	O	0	_	_	_

1	In	in	IN	O	O	14	prep	_	_
2	the	the	DT	O	O	3	det	_	_
3	kitchen	kitchen	NN	O	O	1	pobj	_	_
4	,	,	,	O	O	0	_	_	_
5	where	where	WRB	O	O	8	advmod	_	_
6	Cinderella	Cinderella	NNP	O	O	8	nsubj	_	_
7	was	be	VBD	O	O	8	aux	_	_
8	sitting	sit	VBG	O	O	14	advcl	_	_
9	all	all	DT	O	O	8	dobj	_	_
10	by	by	IN	O	O	8	prep	_	_
11	herself	herself	PRP	O	O	10	pobj	_	_
12	,	,	,	O	O	0	_	_	_
13	there	there	EX	O	O	14	expl	_	_
14	was	be	VBD	O	O	0	_	_	_
15	a	a	DT	O	O	16	det	_	_
16	burst	burst	NN	O	O	14	nsubj	_	_
17	of	of	IN	O	O	16	prep	_	_
18	light	light	NN	O	O	17	pobj	_	_
19	and	and	CC	O	O	14	cc	_	_
20	a	a	DT	O	O	21	det	_	_
21	fairy	fairy	NN	O	O	22	nsubj	_	_
22	appeared	appear	VBD	O	O	14	conj	_	_
23	.	.	.	O	O	0	_	_	_

1	``	``	``	O	O	10	punct	_	_
2	Do	do	VBP	O	O	5	aux	_	_
3	n't	not	RB	O	O	5	neg	_	_
4	be	be	VB	O	O	5	auxpass	_	_
5	alarmed	alarm	VBN	O	O	10	ccomp	_	_
6	,	,	,	O	O	0	_	_	_
7	Cinderella	Cinderella	NNP	O	O	5	dobj	_	_
8	,	,	,	O	O	0	_	_	_
9	``	``	''	O	O	10	punct	_	_
10	said	say	VBD	O	O	0	_	_	_
11	the	the	DT	O	O	12	det	_	_
12	fairy	fairy	NN	O	O	10	nsubj	_	_
13	.	.	.	O	O	0	_	_	_

1	``	``	``	O	O	4	punct	_	_
2	The	the	DT	O	O	3	det	_	_
3	wind	wind	NN	O	O	4	nsubj	_	_
4	blew	blow	VBD	O	O	0	_	_	_
5	me	I	PRP	O	O	4	iobj	_	_
6	your	you	PRP$	O	O	7	poss	_	_
7	sighs	sigh	NNS	O	O	4	dobj	_	_
8	.	.	.	O	O	0	_	_	_

1	I	I	PRP	O	O	2	nsubj	_	_
2	know	know	VBP	O	O	0	_	_	_
3	you	you	PRP	O	O	5	nsubj	_	_
4	would	would	MD	O	O	5	aux	_	_
5	love	love	VB	O	O	2	ccomp	_	_
6	to	to	TO	O	O	7	aux	_	_
7	go	go	VB	O	O	5	xcomp	_	_
8	to	to	TO	O	O	7	prep	_	_
9	the	the	DT	O	O	10	det	_	_
10	ball	ball	NN	O	O	8	pobj	_	_
11	.	.	.	O	O	0	_	_	_

1	And	and	CC	O	O	17	cc	_	_
2	so	so	RB	O	O	17	nsubj	_	_
3	you	you	PRP	O	O	4	nsubj	_	_
4	shall	shall	MD	O	O	2	dep	_	_
5	!	!	.	O	O	0	_	_	_
6	``	``	``	O	O	8	punct	_	_
7	``how	``how	NN	O	O	8	nsubj	_	_
8	can	can	MD	O	O	2	rcmod	_	_
9	I	I	PRP	O	O	8	dep	_	_
10	,	,	,	O	O	0	_	_	_
11	dressed	dress	VBN	O	O	8	dep	_	_
12	in	in	IN	O	O	11	prep	_	_
13	rags	rag	NNS	O	O	12	pobj	_	_
14	?	?	.	O	O	0	_	_	_
15	``	``	''	O	O	8	punct	_	_
16	Cinderella	Cinderella	NNP	O	O	17	advmod	_	_
17	replied	reply	VBD	O	O	0	_	_	_
18	.	.	.	O	O	0	_	_	_

1	``	``	``	O	O	5	punct	_	_
2	The	the	DT	O	O	3	det	_	_
3	servants	servant	NNS	O	O	5	nsubj	_	_
4	will	will	MD	O	O	5	aux	_	_
5	turn	turn	VB	O	O	0	_	_	_
6	me	I	PRP	O	O	5	dobj	_	_
7	away	away	RP	O	O	5	prt	_	_
8	!	!	.	O	O	0	_	_	_
9	``	``	``	O	O	5	punct	_	_

1	The	the	DT	O	O	2	det	_	_
2	fairy	fairy	NN	O	O	3	nsubj	_	_
3	smiled	smile	VBD	O	O	0	_	_	_
4	.	.	.	O	O	0	_	_	_

1	With	with	IN	O	O	10	prep	_	_
2	a	a	DT	O	O	3	det	_	_
3	flick	flick	NN	O	O	1	pobj	_	_
4	of	of	IN	O	O	3	prep	_	_
5	her	she	PRP$	O	O	7	poss	_	_
6	magic	magic	JJ	O	O	7	amod	_	_
7	wand	wand	NN	O	O	4	pobj	_	_
8	...	...	:	O	O	0	_	_	_
9	Cinderella	Cinderella	NNP	O	O	10	nsubj	_	_
10	found	find	VBD	O	O	0	_	_	_
11	herself	herself	PRP	O	O	10	dobj	_	_
12	wearing	wear	VBG	O	O	10	xcomp	_	_
13	the	the	DT	O	O	16	det	_	_
14	most	most	RBS	O	O	15	advmod	_	_
15	beautiful	beautiful	JJ	O	O	16	amod	_	_
16	dress	dress	NN	O	O	12	dobj	_	_
17	,	,	,	O	O	0	_	_	_
18	the	the	DT	O	O	19	det	_	_
19	loveliest	loveliest	NN	O	O	16	appos	_	_
20	ever	ever	RB	O	O	21	advmod	_	_
21	seen	see	VBN	O	O	19	partmod	_	_
22	in	in	IN	O	O	21	prep	_	_
23	the	the	DT	O	O	24	det	_	_
24	realm	realm	NN	O	O	22	pobj	_	_
25	.	.	.	O	O	0	_	_	_

1	``	``	``	O	O	20	punct	_	_
2	Now	now	RB	O	O	20	advmod	_	_
3	that	that	IN	O	O	6	mark	_	_
4	we	we	PRP	O	O	6	nsubj	_	_
5	have	have	VBP	O	O	6	aux	_	_
6	settled	settle	VBN	O	O	14	dep	_	_
7	the	the	DT	O	O	8	det	_	_
8	matter	matter	NN	O	O	6	dobj	_	_
9	of	of	IN	O	O	8	prep	_	_
10	the	the	DT	O	O	11	det	_	_
11	dress	dress	NN	O	O	9	pobj	_	_
12	,	,	,	O	O	0	_	_	_
13	``	``	''	O	O	14	punct	_	_
14	said	say	VBD	O	O	20	dep	_	_
15	the	the	DT	O	O	16	det	_	_
16	fairy	fairy	NN	O	O	14	nsubj	_	_
17	,	,	,	O	O	0	_	_	_
18	``we	``we	NN	O	O	20	nsubj	_	_
19	'll	'll	MD	O	O	20	aux	_	_
20	need	need	VB	O	O	0	_	_	_
21	to	to	TO	O	O	22	aux	_	_
22	get	get	VB	O	O	20	xcomp	_	_
23	you	you	PRP	O	O	22	iobj	_	_
24	a	a	DT	O	O	25	det	_	_
25	coach	coach	NN	O	O	22	dobj	_	_
26	.	.	.	O	O	0	_	_	_

1	A	a	DT	O	O	3	det	_	_
2	real	real	JJ	O	O	3	amod	_	_
3	lady	lady	NN	O	O	6	nsubj	_	_
4	would	would	MD	O	O	6	aux	_	_
5	never	never	RB	O	O	6	neg	_	_
6	go	go	VB	O	O	0	_	_	_
7	to	to	TO	O	O	6	xcomp	_	_
8	a	a	DT	O	O	9	det	_	_
9	ball	ball	NN	O	O	7	dep	_	_
10	on	on	IN	O	O	9	prep	_	_
11	foot	foot	NN	O	O	10	pobj	_	_
12	!	!	.	O	O	0	_	_	_
13	``	``	``	O	O	9	punct	_	_
14	``	``	''	O	O	7	punct	_	_
15	Quick	quick	RB	O	O	6	advmod	_	_
16	!	!	.	O	O	0	_	_	_

1	Get	get	VB	O	O	8	ccomp	_	_
2	me	I	PRP	O	O	1	iobj	_	_
3	a	a	DT	O	O	4	det	_	_
4	pumpkin	pumpkin	NN	O	O	1	dobj	_	_
5	!	!	.	O	O	0	_	_	_
6	``	``	``	O	O	7	punct	_	_
7	she	she	PRP	O	O	8	nsubj	_	_
8	ordered	order	VBD	O	O	0	_	_	_
9	.	.	.	O	O	0	_	_	_

1	``	``	``	O	O	7	punct	_	_
2	Oh	oh	UH	O	O	7	advmod	_	_
3	of	of	IN	O	O	7	prep	_	_
4	course	course	NN	O	O	3	pobj	_	_
5	,	,	,	O	O	0	_	_	_
6	``	``	''	O	O	7	punct	_	_
7	said	say	VBD	O	O	0	_	_	_
8	Cinderella	Cinderella	NNP	O	O	7	dobj	_	_
9	,	,	,	O	O	0	_	_	_
10	rushing	rush	VBG	O	O	7	partmod	_	_
11	away	away	RP	O	O	10	prt	_	_
12	.	.	.	O	O	0	_	_	_

1	Then	then	RB	O	O	4	advmod	_	_
2	the	the	DT	O	O	3	det	_	_
3	fairy	fairy	NN	O	O	4	nsubj	_	_
4	turned	turn	VBD	O	O	0	_	_	_
5	to	to	TO	O	O	4	prep	_	_
6	the	the	DT	O	O	7	det	_	_
7	cat	cat	NN	O	O	5	pobj	_	_
8	.	.	.	O	O	0	_	_	_

1	``	``	``	O	O	2	punct	_	_
2	You	you	PRP	O	O	0	_	_	_
3	,	,	,	O	O	0	_	_	_
4	bring	bring	VBP	O	O	2	dep	_	_
5	me	I	PRP	O	O	4	iobj	_	_
6	seven	seven	CD	O	O	7	num	_	_
7	mice	mouse	NNS	O	O	4	dobj	_	_
8	!	!	.	O	O	0	_	_	_
9	``	``	''	O	O	2	punct	_	_
10	``	``	``	O	O	12	punct	_	_
11	Seven	seven	CD	O	O	12	number	_	_
12	mice	mouse	NNS	O	O	15	nsubj	_	_
13	!	!	.	O	O	0	_	_	_
14	``	``	''	O	O	12	punct	_	_
15	said	say	VBD	O	O	2	dep	_	_
16	the	the	DT	O	O	17	det	_	_
17	cat	cat	NN	O	O	15	dobj	_	_
18	.	.	.	O	O	0	_	_	_

1	``	``	``	O	O	19	punct	_	_
2	I	I	PRP	O	O	5	nsubj	_	_
3	did	do	VBD	O	O	5	aux	_	_
4	n't	not	RB	O	O	5	neg	_	_
5	know	know	VB	O	O	19	advcl	_	_
6	fairies	fairy	NNS	O	O	7	nsubj	_	_
7	ate	eat	VBD	O	O	5	ccomp	_	_
8	mice	mouse	NNS	O	O	7	dobj	_	_
9	too	too	RB	O	O	7	advmod	_	_
10	!	!	.	O	O	0	_	_	_
11	``	``	''	O	O	7	punct	_	_
12	``	``	``	O	O	19	punct	_	_
13	They	they	PRP	O	O	19	nsubj	_	_
14	're	be	VBP	O	O	19	cop	_	_
15	not	not	RB	O	O	19	neg	_	_
16	for	for	IN	O	O	19	prep	_	_
17	eating	eat	VBG	O	O	16	pcomp	_	_
18	,	,	,	O	O	0	_	_	_
19	silly	silly	JJ	O	O	0	_	_	_
20	!	!	.	O	O	0	_	_	_

1	Do	do	VBP	O	O	0	_	_	_
2	as	as	IN	O	O	5	mark	_	_
3	you	you	PRP	O	O	5	nsubjpass	_	_
4	are	be	VBP	O	O	5	auxpass	_	_
5	told	tell	VBN	O	O	1	advcl	_	_
6	!	!	.	O	O	0	_	_	_
7	...	...	:	O	O	0	_	_	_
8	and	and	CC	O	O	1	cc	_	_
9	,	,	,	O	O	0	_	_	_
10	remember	remember	VB	O	O	1	conj	_	_
11	they	they	PRP	O	O	14	nsubj	_	_
12	must	must	MD	O	O	14	aux	_	_
13	be	be	VB	O	O	14	cop	_	_
14	alive	alive	JJ	O	O	10	ccomp	_	_
15	!	!	.	O	O	0	_	_	_
16	``	``	''	O	O	1	punct	_	_

1	Cinderella	Cinderella	NNP	O	O	3	nsubj	_	_
2	soon	soon	RB	O	O	3	advmod	_	_
3	returned	return	VBD	O	O	0	_	_	_
4	with	with	IN	O	O	3	prep	_	_
5	a	a	DT	O	O	7	det	_	_
6	fine	fine	JJ	O	O	7	amod	_	_
7	pumpkin	pumpkin	NN	O	O	4	pobj	_	_
8	and	and	CC	O	O	7	cc	_	_
9	the	the	DT	O	O	10	det	_	_
10	cat	cat	NN	O	O	7	conj	_	_
11	with	with	IN	O	O	10	prep	_	_
12	seven	seven	CD	O	O	13	num	_	_
13	mice	mouse	NNS	O	O	11	pobj	_	_
14	he	he	PRP	O	O	16	nsubj	_	_
15	had	have	VBD	O	O	16	aux	_	_
16	caught	catch	VBN	O	O	3	ccomp	_	_
17	in	in	IN	O	O	16	prep	_	_
18	the	the	DT	O	O	19	det	_	_
19	cellar	cellar	NN	O	O	17	pobj	_	_
20	.	.	.	O	O	0	_	_	_

1	``	``	``	O	O	5	punct	_	_
2	Good	good	JJ	O	O	5	dep	_	_
3	!	!	.	O	O	0	_	_	_
4	``	``	''	O	O	5	punct	_	_
5	exclaimed	exclaim	VBD	O	O	0	_	_	_
6	the	the	DT	O	O	7	det	_	_
7	fairy	fairy	NN	O	O	5	nsubj	_	_
8	.	.	.	O	O	0	_	_	_

1	With	with	IN	O	O	11	prep	_	_
2	a	a	DT	O	O	3	det	_	_
3	flick	flick	NN	O	O	1	pobj	_	_
4	of	of	IN	O	O	3	prep	_	_
5	her	she	PRP$	O	O	7	poss	_	_
6	magic	magic	JJ	O	O	7	amod	_	_
7	wand	wand	NN	O	O	4	pobj	_	_
8	...	...	:	O	O	0	_	_	_
9	wonder	wonder	NN	O	O	11	nsubj	_	_
10	of	of	IN	O	O	9	prep	_	_
11	wonders	wonder	VBZ	O	O	0	_	_	_
12	!	!	.	O	O	0	_	_	_

1	The	the	DT	O	O	2	det	_	_
2	pumpkin	pumpkin	NN	O	O	3	nsubj	_	_
3	turned	turn	VBD	O	O	0	_	_	_
4	into	into	IN	O	O	3	prep	_	_
5	a	a	DT	O	O	7	det	_	_
6	sparkling	sparkling	JJ	O	O	7	amod	_	_
7	coach	coach	NN	O	O	4	pobj	_	_
8	and	and	CC	O	O	3	cc	_	_
9	the	the	DT	O	O	10	det	_	_
10	mice	mouse	NNS	O	O	14	nsubj	_	_
11	became	become	VBD	O	O	14	cop	_	_
12	six	six	CD	O	O	14	num	_	_
13	white	white	JJ	O	O	14	amod	_	_
14	horses	horse	NNS	O	O	3	conj	_	_
15	,	,	,	O	O	0	_	_	_
16	while	while	IN	O	O	20	mark	_	_
17	the	the	DT	O	O	19	det	_	_
18	seventh	seventh	JJ	O	O	19	amod	_	_
19	mouse	mouse	NN	O	O	20	nsubj	_	_
20	turned	turn	VBD	O	O	14	advcl	_	_
21	into	into	IN	O	O	20	prep	_	_
22	a	a	DT	O	O	23	det	_	_
23	coachman	coachman	NN	O	O	21	pobj	_	_
24	,	,	,	O	O	0	_	_	_
25	in	in	IN	O	O	20	prep	_	_
26	a	a	DT	O	O	28	det	_	_
27	smart	smart	JJ	O	O	28	amod	_	_
28	uniform	uniform	NN	O	O	25	pobj	_	_
29	and	and	CC	O	O	20	cc	_	_
30	carrying	carry	VBG	O	O	20	conj	_	_
31	a	a	DT	O	O	32	det	_	_
32	whip	whip	NN	O	O	30	dobj	_	_
33	.	.	.	O	O	0	_	_	_

1	Cinderella	Cinderella	NNP	O	O	4	nsubj	_	_
2	could	could	MD	O	O	4	aux	_	_
3	hardly	hardly	RB	O	O	4	advmod	_	_
4	believe	believe	VB	O	O	0	_	_	_
5	her	she	PRP$	O	O	6	poss	_	_
6	eyes	eye	NNS	O	O	4	dobj	_	_
7	.	.	.	O	O	0	_	_	_

1	``	``	``	O	O	4	punct	_	_
2	I	I	PRP	O	O	4	nsubj	_	_
3	shall	shall	MD	O	O	4	aux	_	_
4	present	present	VB	O	O	0	_	_	_
5	you	you	PRP	O	O	4	dobj	_	_
6	at	at	IN	O	O	4	prep	_	_
7	Court	Court	NNP	O	O	6	pobj	_	_
8	.	.	.	O	O	0	_	_	_

1	You	you	PRP	O	O	4	nsubj	_	_
2	will	will	MD	O	O	4	aux	_	_
3	soon	soon	RB	O	O	4	advmod	_	_
4	see	see	VB	O	O	0	_	_	_
5	that	that	IN	O	O	20	mark	_	_
6	the	the	DT	O	O	7	det	_	_
7	Prince	Prince	NNP	O	O	20	nsubjpass	_	_
8	,	,	,	O	O	0	_	_	_
9	in	in	IN	O	O	7	prep	_	_
10	whose	whose	WP$	O	O	11	poss	_	_
11	honour	honour	NN	O	O	16	dobj	_	_
12	the	the	DT	O	O	13	det	_	_
13	ball	ball	NN	O	O	16	nsubjpass	_	_
14	is	be	VBZ	O	O	16	aux	_	_
15	being	be	VBG	O	O	16	auxpass	_	_
16	held	hold	VBN	O	O	9	pcomp	_	_
17	,	,	,	O	O	0	_	_	_
18	will	will	MD	O	O	20	aux	_	_
19	be	be	VB	O	O	20	auxpass	_	_
20	enchanted	enchant	VBN	O	O	4	ccomp	_	_
21	by	by	IN	O	O	20	prep	_	_
22	your	you	PRP$	O	O	23	poss	_	_
23	loveliness	loveliness	NNS	O	O	21	pobj	_	_
24	.	.	.	O	O	0	_	_	_

1	But	but	CC	O	O	2	cc	_	_
2	remember	remember	VB	O	O	0	_	_	_
3	!	!	.	O	O	0	_	_	_

1	You	you	PRP	O	O	3	nsubj	_	_
2	must	must	MD	O	O	3	aux	_	_
3	leave	leave	VB	O	O	0	_	_	_
4	the	the	DT	O	O	5	det	_	_
5	ball	ball	NN	O	O	3	dobj	_	_
6	at	at	IN	O	O	3	prep	_	_
7	midnight	midnight	NN	O	O	6	pobj	_	_
8	and	and	CC	O	O	3	cc	_	_
9	come	come	VB	O	O	3	conj	_	_
10	home	home	NN	O	O	9	dobj	_	_
11	.	.	.	O	O	0	_	_	_

1	For	for	IN	O	O	3	advmod	_	_
2	that	that	WDT	O	O	3	nsubj	_	_
3	is	be	VBZ	O	O	0	_	_	_
4	when	when	WRB	O	O	7	advmod	_	_
5	the	the	DT	O	O	6	det	_	_
6	spell	spell	NN	O	O	7	nsubj	_	_
7	ends	end	VBZ	O	O	3	advcl	_	_
8	.	.	.	O	O	0	_	_	_

1	Your	you	PRP$	O	O	2	poss	_	_
2	coach	coach	NN	O	O	4	nsubj	_	_
3	will	will	MD	O	O	4	aux	_	_
4	turn	turn	VB	O	O	0	_	_	_
5	back	back	RP	O	O	4	prt	_	_
6	into	into	IN	O	O	4	prep	_	_
7	a	a	DT	O	O	8	det	_	_
8	pumpkin	pumpkin	NN	O	O	6	pobj	_	_
9	,	,	,	O	O	0	_	_	_
10	the	the	DT	O	O	11	det	_	_
11	horses	horse	NNS	O	O	14	nsubj	_	_
12	will	will	MD	O	O	14	aux	_	_
13	become	become	VB	O	O	14	cop	_	_
14	mice	mouse	NNS	O	O	4	conj	_	_
15	again	again	RB	O	O	14	advmod	_	_
16	and	and	CC	O	O	4	cc	_	_
17	the	the	DT	O	O	18	det	_	_
18	coachman	coachman	NN	O	O	20	nsubj	_	_
19	will	will	MD	O	O	20	aux	_	_
20	turn	turn	VB	O	O	4	conj	_	_
21	back	back	RP	O	O	20	prt	_	_
22	into	into	IN	O	O	20	prep	_	_
23	a	a	DT	O	O	24	det	_	_
24	mouse	mouse	NN	O	O	22	pobj	_	_
25	...	...	:	O	O	0	_	_	_
26	and	and	CC	O	O	4	cc	_	_
27	you	you	PRP	O	O	30	nsubjpass	_	_
28	will	will	MD	O	O	30	aux	_	_
29	be	be	VB	O	O	30	auxpass	_	_
30	dressed	dress	VBN	O	O	4	conj	_	_
31	again	again	RB	O	O	30	advmod	_	_
32	in	in	IN	O	O	30	prep	_	_
33	rags	rag	NNS	O	O	32	pobj	_	_
34	and	and	CC	O	O	33	cc	_	_
35	wearing	wear	VBG	O	O	36	amod	_	_
36	clogs	clog	NNS	O	O	33	conj	_	_
37	instead	instead	RB	O	O	38	advmod	_	_
38	of	of	IN	O	O	36	prep	_	_
39	these	these	DT	O	O	42	det	_	_
40	dainty	dainty	JJ	O	O	42	amod	_	_
41	little	little	JJ	O	O	42	amod	_	_
42	slippers	slipper	NNS	O	O	38	pobj	_	_
43	!	!	.	O	O	0	_	_	_

1	Do	do	VBP	O	O	3	aux	_	_
2	you	you	PRP	O	O	3	nsubj	_	_
3	understand	understand	VB	O	O	7	dep	_	_
4	?	?	.	O	O	0	_	_	_
5	``	``	''	O	O	7	punct	_	_
6	Cinderella	Cinderella	NNP	O	O	7	nsubj	_	_
7	smiled	smile	VBD	O	O	0	_	_	_
8	and	and	CC	O	O	7	cc	_	_
9	said	say	VBD	O	O	7	conj	_	_
10	,	,	,	O	O	0	_	_	_
11	``	``	``	O	O	9	punct	_	_
12	Yes	yes	UH	O	O	15	discourse	_	_
13	,	,	,	O	O	0	_	_	_
14	I	I	PRP	O	O	15	nsubj	_	_
15	understand	understand	VBP	O	O	9	ccomp	_	_
16	!	!	.	O	O	0	_	_	_
17	``	``	''	O	O	7	punct	_	_

1	When	when	WRB	O	O	3	advmod	_	_
2	Cinderella	Cinderella	NNP	O	O	3	nsubj	_	_
3	entered	enter	VBD	O	O	12	advcl	_	_
4	the	the	DT	O	O	5	det	_	_
5	ballroom	ballroom	NN	O	O	3	dobj	_	_
6	at	at	IN	O	O	3	prep	_	_
7	the	the	DT	O	O	8	det	_	_
8	palace	palace	NN	O	O	6	pobj	_	_
9	,	,	,	O	O	0	_	_	_
10	a	a	DT	O	O	11	det	_	_
11	hush	hush	NN	O	O	12	nsubj	_	_
12	fell	fall	VBD	O	O	0	_	_	_
13	.	.	.	O	O	0	_	_	_

1	Everyone	everyone	NN	O	O	2	nsubj	_	_
2	stopped	stop	VBD	O	O	0	_	_	_
3	in	in	IN	O	O	2	prep	_	_
4	mid-sentence	mid-sentence	NN	O	O	3	pobj	_	_
5	to	to	TO	O	O	6	aux	_	_
6	admire	admire	VB	O	O	2	xcomp	_	_
7	her	she	PRP$	O	O	8	poss	_	_
8	elegance	elegance	NN	O	O	6	dobj	_	_
9	,	,	,	O	O	0	_	_	_
10	her	she	PRP$	O	O	11	poss	_	_
11	beauty	beauty	NN	O	O	8	conj	_	_
12	and	and	CC	O	O	8	cc	_	_
13	grace	grace	NN	O	O	8	conj	_	_
14	.	.	.	O	O	0	_	_	_

1	``	``	``	O	O	9	punct	_	_
2	Who	who	WP	O	O	5	dobj	_	_
3	can	can	MD	O	O	5	aux	_	_
4	that	that	DT	O	O	5	nsubj	_	_
5	be	be	VB	O	O	9	ccomp	_	_
6	?	?	.	O	O	0	_	_	_
7	``	``	''	O	O	9	punct	_	_
8	people	people	NNS	O	O	9	nsubj	_	_
9	asked	ask	VBD	O	O	0	_	_	_
10	each	each	DT	O	O	11	det	_	_
11	other	other	JJ	O	O	9	dobj	_	_
12	.	.	.	O	O	0	_	_	_

1	The	the	DT	O	O	3	det	_	_
2	two	two	CD	O	O	3	num	_	_
3	stepsisters	stepsister	NNS	O	O	5	nsubj	_	_
4	also	also	RB	O	O	5	advmod	_	_
5	wondered	wonder	VBD	O	O	0	_	_	_
6	who	who	WP	O	O	9	dobj	_	_
7	the	the	DT	O	O	8	det	_	_
8	newcomer	newcomer	NN	O	O	9	nsubj	_	_
9	was	be	VBD	O	O	5	ccomp	_	_
10	,	,	,	O	O	0	_	_	_
11	for	for	IN	O	O	9	prep	_	_
12	never	never	RB	O	O	11	pcomp	_	_
13	in	in	IN	O	O	9	prep	_	_
14	a	a	DT	O	O	15	det	_	_
15	month	month	NN	O	O	13	pobj	_	_
16	of	of	IN	O	O	15	prep	_	_
17	Sundays	Sundays	NNP	O	O	16	pobj	_	_
18	,	,	,	O	O	0	_	_	_
19	would	would	MD	O	O	17	rcmod	_	_
20	they	they	PRP	O	O	23	nsubj	_	_
21	ever	ever	RB	O	O	23	advmod	_	_
22	have	have	VB	O	O	23	aux	_	_
23	guessed	guess	VBD	O	O	19	ccomp	_	_
24	that	that	IN	O	O	30	mark	_	_
25	the	the	DT	O	O	27	det	_	_
26	beautiful	beautiful	JJ	O	O	27	amod	_	_
27	girl	girl	NN	O	O	30	nsubj	_	_
28	was	be	VBD	O	O	30	cop	_	_
29	really	really	RB	O	O	30	advmod	_	_
30	poor	poor	JJ	O	O	23	ccomp	_	_
31	Cinderella	Cinderella	NNP	O	O	17	dep	_	_
32	who	who	WP	O	O	33	nsubj	_	_
33	talked	talk	VBD	O	O	17	rcmod	_	_
34	to	to	TO	O	O	33	prep	_	_
35	the	the	DT	O	O	36	det	_	_
36	cat	cat	NN	O	O	34	pobj	_	_
37	!	!	.	O	O	0	_	_	_

1	When	when	WRB	O	O	4	advmod	_	_
2	the	the	DT	O	O	3	det	_	_
3	prince	prince	NN	O	O	4	nsubj	_	_
4	set	set	VBD	O	O	11	advcl	_	_
5	eyes	eye	NNS	O	O	4	dobj	_	_
6	on	on	IN	O	O	5	prep	_	_
7	Cinderella	Cinderella	NNP	O	O	6	pobj	_	_
8	,	,	,	O	O	0	_	_	_
9	he	he	PRP	O	O	11	nsubjpass	_	_
10	was	be	VBD	O	O	11	auxpass	_	_
11	struck	strike	VBN	O	O	0	_	_	_
12	by	by	IN	O	O	11	prep	_	_
13	her	she	PRP$	O	O	14	poss	_	_
14	beauty	beauty	NN	O	O	12	pobj	_	_
15	.	.	.	O	O	0	_	_	_

1	Walking	walk	VBG	O	O	7	partmod	_	_
2	over	over	RP	O	O	1	prt	_	_
3	to	to	TO	O	O	1	prep	_	_
4	her	she	PRP	O	O	3	pobj	_	_
5	,	,	,	O	O	0	_	_	_
6	he	he	PRP	O	O	7	nsubj	_	_
7	bowed	bow	VBD	O	O	0	_	_	_
8	deeply	deeply	RB	O	O	7	advmod	_	_
9	and	and	CC	O	O	7	cc	_	_
10	asked	ask	VBD	O	O	7	conj	_	_
11	her	she	PRP	O	O	10	dobj	_	_
12	to	to	TO	O	O	10	prep	_	_
13	dance	dance	NN	O	O	12	pobj	_	_
14	.	.	.	O	O	0	_	_	_

1	And	and	CC	O	O	13	cc	_	_
2	to	to	IN	O	O	13	prep	_	_
3	the	the	DT	O	O	5	det	_	_
4	great	great	JJ	O	O	5	amod	_	_
5	disappointment	disappointment	NN	O	O	2	pobj	_	_
6	of	of	IN	O	O	5	prep	_	_
7	all	all	PDT	O	O	10	predet	_	_
8	the	the	DT	O	O	10	det	_	_
9	young	young	JJ	O	O	10	amod	_	_
10	ladies	lady	NNS	O	O	6	pobj	_	_
11	,	,	,	O	O	0	_	_	_
12	he	he	PRP	O	O	13	nsubj	_	_
13	danced	dance	VBN	O	O	0	_	_	_
14	with	with	IN	O	O	13	prep	_	_
15	Cinderella	Cinderella	NNP	O	O	14	pobj	_	_
16	all	all	DT	O	O	17	det	_	_
17	evening	evening	NN	O	O	13	tmod	_	_
18	.	.	.	O	O	0	_	_	_

1	``	``	``	O	O	12	punct	_	_
2	Who	who	WP	O	O	3	attr	_	_
3	are	be	VBP	O	O	12	ccomp	_	_
4	you	you	PRP	O	O	3	nsubj	_	_
5	,	,	,	O	O	0	_	_	_
6	fair	fair	JJ	O	O	7	amod	_	_
7	maiden	maiden	NN	O	O	4	appos	_	_
8	?	?	.	O	O	0	_	_	_
9	``	``	''	O	O	12	punct	_	_
10	the	the	DT	O	O	11	det	_	_
11	Prince	Prince	NNP	O	O	12	nsubj	_	_
12	kept	keep	VBD	O	O	0	_	_	_
13	asking	ask	VBG	O	O	12	dep	_	_
14	her	she	PRP	O	O	13	dobj	_	_
15	.	.	.	O	O	0	_	_	_

1	But	but	CC	O	O	4	cc	_	_
2	Cinderella	Cinderella	NNP	O	O	4	nsubj	_	_
3	only	only	RB	O	O	4	advmod	_	_
4	replied	reply	VBD	O	O	0	_	_	_
5	:	:	:	O	O	0	_	_	_
6	``	``	``	O	O	4	punct	_	_
7	What	what	WP	O	O	10	dobj	_	_
8	does	do	VBZ	O	O	10	aux	_	_
9	it	it	PRP	O	O	10	nsubj	_	_
10	matter	matter	VB	O	O	4	dep	_	_
11	who	who	WP	O	O	13	dobj	_	_
12	I	I	PRP	O	O	13	nsubj	_	_
13	am	be	VBP	O	O	10	ccomp	_	_
14	!	!	.	O	O	0	_	_	_

1	You	you	PRP	O	O	4	nsubj	_	_
2	will	will	MD	O	O	4	aux	_	_
3	never	never	RB	O	O	4	neg	_	_
4	see	see	VB	O	O	0	_	_	_
5	me	I	PRP	O	O	4	dobj	_	_
6	again	again	RB	O	O	7	advmod	_	_
7	anyway	anyway	RB	O	O	4	advmod	_	_
8	.	.	.	O	O	0	_	_	_
9	``	``	''	O	O	4	punct	_	_

1	``	``	``	O	O	15	punct	_	_
2	Oh	oh	UH	O	O	6	discourse	_	_
3	,	,	,	O	O	0	_	_	_
4	but	but	CC	O	O	6	cc	_	_
5	I	I	PRP	O	O	6	conj	_	_
6	shall	shall	MD	O	O	15	ccomp	_	_
7	,	,	,	O	O	0	_	_	_
8	I	I	PRP	O	O	11	nsubj	_	_
9	'm	be	VBP	O	O	11	cop	_	_
10	quite	quite	RB	O	O	11	advmod	_	_
11	certain	certain	JJ	O	O	6	parataxis	_	_
12	!	!	.	O	O	0	_	_	_
13	``	``	''	O	O	15	punct	_	_
14	he	he	PRP	O	O	15	nsubj	_	_
15	replied	reply	VBD	O	O	0	_	_	_
16	.	.	.	O	O	0	_	_	_

1	Cinderella	Cinderella	NNP	O	O	2	nsubj	_	_
2	had	have	VBD	O	O	0	_	_	_
3	a	a	DT	O	O	5	det	_	_
4	wonderful	wonderful	JJ	O	O	5	amod	_	_
5	time	time	NN	O	O	2	dobj	_	_
6	at	at	IN	O	O	2	prep	_	_
7	the	the	DT	O	O	8	det	_	_
8	ball	ball	NN	O	O	6	pobj	_	_
9	...	...	:	O	O	0	_	_	_
10	But	but	CC	O	O	2	cc	_	_
11	,	,	,	O	O	0	_	_	_
12	all	all	DT	O	O	18	nsubj	_	_
13	of	of	IN	O	O	12	prep	_	_
14	a	a	DT	O	O	15	det	_	_
15	sudden	sudden	JJ	O	O	13	pobj	_	_
16	,	,	,	O	O	0	_	_	_
17	she	she	PRP	O	O	18	nsubj	_	_
18	heard	hear	VBD	O	O	2	conj	_	_
19	the	the	DT	O	O	20	det	_	_
20	sound	sound	NN	O	O	18	dobj	_	_
21	of	of	IN	O	O	20	prep	_	_
22	a	a	DT	O	O	23	det	_	_
23	clock	clock	NN	O	O	21	pobj	_	_
24	:	:	:	O	O	0	_	_	_
25	the	the	DT	O	O	27	det	_	_
26	first	first	JJ	O	O	27	amod	_	_
27	stroke	stroke	NN	O	O	23	dep	_	_
28	of	of	IN	O	O	27	prep	_	_
29	midnight	midnight	NN	O	O	28	pobj	_	_
30	!	!	.	O	O	0	_	_	_

1	She	she	PRP	O	O	2	nsubj	_	_
2	remembered	remember	VBD	O	O	0	_	_	_
3	what	what	WP	O	O	7	dobj	_	_
4	the	the	DT	O	O	5	det	_	_
5	fairy	fairy	NN	O	O	7	nsubj	_	_
6	had	have	VBD	O	O	7	aux	_	_
7	said	say	VBN	O	O	2	ccomp	_	_
8	,	,	,	O	O	0	_	_	_
9	and	and	CC	O	O	2	cc	_	_
10	without	without	IN	O	O	16	prep	_	_
11	a	a	DT	O	O	12	det	_	_
12	word	word	NN	O	O	10	pobj	_	_
13	of	of	IN	O	O	12	prep	_	_
14	goobye	goobye	NN	O	O	13	pobj	_	_
15	she	she	PRP	O	O	16	nsubj	_	_
16	slipped	slip	VBD	O	O	2	conj	_	_
17	from	from	IN	O	O	16	prep	_	_
18	the	the	DT	O	O	19	det	_	_
19	Prince	Prince	NNP	O	O	21	poss	_	_
20	's	's	POS	O	O	19	possessive	_	_
21	arms	arm	NNS	O	O	17	pobj	_	_
22	and	and	CC	O	O	16	cc	_	_
23	ran	run	VBD	O	O	16	conj	_	_
24	down	down	RP	O	O	23	prt	_	_
25	the	the	DT	O	O	26	det	_	_
26	steps	step	NNS	O	O	23	dobj	_	_
27	.	.	.	O	O	0	_	_	_

1	As	as	IN	O	O	3	mark	_	_
2	she	she	PRP	O	O	3	nsubj	_	_
3	ran	run	VBD	O	O	0	_	_	_
4	she	she	PRP	O	O	5	nsubj	_	_
5	lost	lose	VBD	O	O	3	ccomp	_	_
6	one	one	CD	O	O	5	dobj	_	_
7	of	of	IN	O	O	6	prep	_	_
8	her	she	PRP$	O	O	9	poss	_	_
9	slippers	slipper	NNS	O	O	7	pobj	_	_
10	,	,	,	O	O	0	_	_	_
11	but	but	CC	O	O	3	cc	_	_
12	not	not	RB	O	O	16	neg	_	_
13	for	for	IN	O	O	12	prep	_	_
14	a	a	DT	O	O	15	det	_	_
15	moment	moment	NN	O	O	13	pobj	_	_
16	did	do	VBD	O	O	3	conj	_	_
17	she	she	PRP	O	O	16	dobj	_	_
18	dream	dream	NN	O	O	16	dep	_	_
19	of	of	IN	O	O	18	prep	_	_
20	stopping	stop	VBG	O	O	19	pcomp	_	_
21	to	to	TO	O	O	22	aux	_	_
22	pick	pick	VB	O	O	20	xcomp	_	_
23	it	it	PRP	O	O	22	dobj	_	_
24	up	up	RP	O	O	22	prt	_	_
25	!	!	.	O	O	0	_	_	_

1	If	if	IN	O	O	7	mark	_	_
2	the	the	DT	O	O	4	det	_	_
3	last	last	JJ	O	O	4	amod	_	_
4	stroke	stroke	NN	O	O	7	nsubj	_	_
5	of	of	IN	O	O	4	prep	_	_
6	midnight	midnight	NN	O	O	5	pobj	_	_
7	were	be	VBD	O	O	18	advcl	_	_
8	to	to	TO	O	O	9	aux	_	_
9	sound	sound	VB	O	O	7	xcomp	_	_
10	...	...	:	O	O	0	_	_	_
11	oh	oh	UH	O	O	9	dobj	_	_
12	...	...	:	O	O	0	_	_	_
13	what	what	WP	O	O	15	dep	_	_
14	a	a	DT	O	O	15	det	_	_
15	disaster	disaster	NN	O	O	18	advcl	_	_
16	that	that	WDT	O	O	18	nsubj	_	_
17	would	would	MD	O	O	18	aux	_	_
18	be	be	VB	O	O	0	_	_	_
19	!	!	.	O	O	0	_	_	_

1	Out	out	IN	O	O	3	dep	_	_
2	she	she	PRP	O	O	3	nsubj	_	_
3	fled	flee	VBD	O	O	0	_	_	_
4	and	and	CC	O	O	3	cc	_	_
5	vanished	vanish	VBN	O	O	3	conj	_	_
6	into	into	IN	O	O	5	prep	_	_
7	the	the	DT	O	O	8	det	_	_
8	night	night	NN	O	O	6	pobj	_	_
9	.	.	.	O	O	0	_	_	_

1	The	the	DT	O	O	2	det	_	_
2	Prince	Prince	NNP	O	O	13	nsubj	_	_
3	,	,	,	O	O	0	_	_	_
4	who	who	WP	O	O	5	nsubj	_	_
5	was	be	VBD	O	O	2	rcmod	_	_
6	now	now	RB	O	O	7	advmod	_	_
7	madly	madly	RB	O	O	5	advmod	_	_
8	in	in	IN	O	O	5	prep	_	_
9	love	love	NN	O	O	8	pobj	_	_
10	with	with	IN	O	O	9	prep	_	_
11	her	she	PRP	O	O	10	pobj	_	_
12	,	,	,	O	O	0	_	_	_
13	picked	pick	VBD	O	O	0	_	_	_
14	up	up	RP	O	O	13	prt	_	_
15	her	she	PRP$	O	O	16	poss	_	_
16	slipper	slipper	NN	O	O	13	dobj	_	_
17	and	and	CC	O	O	13	cc	_	_
18	said	say	VBD	O	O	13	conj	_	_
19	to	to	TO	O	O	18	prep	_	_
20	his	he	PRP$	O	O	21	poss	_	_
21	ministers	minister	NNS	O	O	19	pobj	_	_
22	,	,	,	O	O	0	_	_	_
23	``	``	``	O	O	18	punct	_	_
24	Go	go	VB	O	O	18	ccomp	_	_
25	and	and	CC	O	O	24	cc	_	_
26	search	search	VB	O	O	24	conj	_	_
27	everywhere	everywhere	RB	O	O	26	advmod	_	_
28	for	for	IN	O	O	26	prep	_	_
29	the	the	DT	O	O	30	det	_	_
30	girl	girl	NN	O	O	28	pobj	_	_
31	whose	whose	WP$	O	O	32	poss	_	_
32	foot	foot	NN	O	O	35	dobj	_	_
33	this	this	DT	O	O	34	det	_	_
34	slipper	slipper	NN	O	O	35	nsubj	_	_
35	fits	fit	VBZ	O	O	30	rcmod	_	_
36	.	.	.	O	O	0	_	_	_

1	I	I	PRP	O	O	5	nsubj	_	_
2	will	will	MD	O	O	5	aux	_	_
3	never	never	RB	O	O	5	neg	_	_
4	be	be	VB	O	O	5	cop	_	_
5	content	content	JJ	O	O	0	_	_	_
6	until	until	IN	O	O	8	mark	_	_
7	I	I	PRP	O	O	8	nsubj	_	_
8	find	find	VBP	O	O	5	advcl	_	_
9	her	she	PRP	O	O	8	dobj	_	_
10	!	!	.	O	O	0	_	_	_
11	``	``	''	O	O	5	punct	_	_

1	So	so	RB	O	O	4	advmod	_	_
2	the	the	DT	O	O	3	det	_	_
3	ministers	minister	NNS	O	O	4	nsubj	_	_
4	tried	try	VBD	O	O	0	_	_	_
5	the	the	DT	O	O	6	det	_	_
6	slipper	slipper	NN	O	O	4	dobj	_	_
7	on	on	IN	O	O	6	prep	_	_
8	the	the	DT	O	O	9	det	_	_
9	foot	foot	NN	O	O	7	pobj	_	_
10	of	of	IN	O	O	9	prep	_	_
11	all	all	PDT	O	O	13	predet	_	_
12	the	the	DT	O	O	13	det	_	_
13	girls	girl	NNS	O	O	10	pobj	_	_
14	...	...	:	O	O	0	_	_	_
15	and	and	CC	O	O	7	cc	_	_
16	on	on	IN	O	O	7	conj	_	_
17	Cinderella	Cinderella	NNP	O	O	19	poss	_	_
18	's	's	POS	O	O	17	possessive	_	_
19	foot	foot	NN	O	O	16	pobj	_	_
20	as	as	RB	O	O	21	advmod	_	_
21	well	well	RB	O	O	16	advmod	_	_
22	...	...	:	O	O	0	_	_	_
23	Surprise	Surprise	NNP	O	O	6	dep	_	_
24	!	!	.	O	O	0	_	_	_

1	The	the	DT	O	O	2	det	_	_
2	slipper	slipper	NN	O	O	3	nsubj	_	_
3	fitted	fit	VBD	O	O	0	_	_	_
4	perfectly	perfectly	RB	O	O	3	advmod	_	_
5	.	.	.	O	O	0	_	_	_

1	``	``	``	O	O	15	punct	_	_
2	That	that	DT	O	O	5	det	_	_
3	awful	awful	JJ	O	O	5	amod	_	_
4	untidy	untidy	JJ	O	O	5	amod	_	_
5	girl	girl	NN	O	O	9	nsubj	_	_
6	simply	simply	RB	O	O	7	advmod	_	_
7	cannot	cannot	JJ	O	O	5	amod	_	_
8	have	have	VBP	O	O	9	aux	_	_
9	been	be	VBN	O	O	15	ccomp	_	_
10	at	at	IN	O	O	9	prep	_	_
11	the	the	DT	O	O	12	det	_	_
12	ball	ball	NN	O	O	10	pobj	_	_
13	,	,	,	O	O	0	_	_	_
14	``	``	''	O	O	15	punct	_	_
15	snapped	snap	VBD	O	O	0	_	_	_
16	the	the	DT	O	O	17	det	_	_
17	stepmother	stepmother	NN	O	O	15	nsubj	_	_
18	.	.	.	O	O	0	_	_	_

1	``	``	``	O	O	2	punct	_	_
2	Tell	tell	VB	O	O	0	_	_	_
3	the	the	DT	O	O	4	det	_	_
4	Prince	Prince	NNP	O	O	2	dobj	_	_
5	he	he	PRP	O	O	6	nsubj	_	_
6	ought	ought	MD	O	O	2	dep	_	_
7	to	to	TO	O	O	8	aux	_	_
8	marry	marry	VB	O	O	6	xcomp	_	_
9	one	one	CD	O	O	8	dobj	_	_
10	of	of	IN	O	O	9	prep	_	_
11	my	my	PRP$	O	O	13	poss	_	_
12	two	two	CD	O	O	13	num	_	_
13	daughters	daughter	NNS	O	O	10	pobj	_	_
14	!	!	.	O	O	0	_	_	_

1	Can't	Can't	NNP	O	O	3	dep	_	_
2	you	you	PRP	O	O	3	nsubj	_	_
3	see	see	VBP	O	O	16	dep	_	_
4	how	how	WRB	O	O	5	advmod	_	_
5	ugly	ugly	JJ	O	O	7	dep	_	_
6	Cinderella	Cinderella	NNP	O	O	7	nsubj	_	_
7	is	be	VBZ	O	O	3	ccomp	_	_
8	!	!	.	O	O	0	_	_	_
9	Can't	Can't	NNP	O	O	11	nsubj	_	_
10	you	you	PRP	O	O	11	advmod	_	_
11	see	see	VBP	O	O	16	dep	_	_
12	?	?	.	O	O	0	_	_	_
13	``	``	``	O	O	16	punct	_	_
14	Suddenly	suddenly	RB	O	O	16	advmod	_	_
15	she	she	PRP	O	O	16	nsubj	_	_
16	broke	break	VBD	O	O	0	_	_	_
17	off	off	RP	O	O	16	prt	_	_
18	,	,	,	O	O	0	_	_	_
19	for	for	IN	O	O	16	dep	_	_
20	the	the	DT	O	O	21	det	_	_
21	fairy	fairy	NN	O	O	23	nsubj	_	_
22	had	have	VBD	O	O	23	aux	_	_
23	appeared	appear	VBN	O	O	16	ccomp	_	_
24	.	.	.	O	O	0	_	_	_

1	``	``	``	O	O	4	punct	_	_
2	That	that	DT	O	O	4	nsubj	_	_
3	's	be	VBZ	O	O	4	cop	_	_
4	enough	enough	JJ	O	O	8	dep	_	_
5	!	!	.	O	O	0	_	_	_
6	``	``	''	O	O	4	punct	_	_
7	she	she	PRP	O	O	8	nsubj	_	_
8	exclaimed	exclaim	VBD	O	O	0	_	_	_
9	,	,	,	O	O	0	_	_	_
10	raising	raise	VBG	O	O	8	xcomp	_	_
11	her	she	PRP$	O	O	13	poss	_	_
12	magic	magic	JJ	O	O	13	amod	_	_
13	wand	wand	NN	O	O	10	dobj	_	_
14	.	.	.	O	O	0	_	_	_

1	In	in	IN	O	O	6	prep	_	_
2	a	a	DT	O	O	3	det	_	_
3	flash	flash	NN	O	O	1	pobj	_	_
4	,	,	,	O	O	0	_	_	_
5	Cinderella	Cinderella	NNP	O	O	6	nsubj	_	_
6	appeared	appear	VBD	O	O	0	_	_	_
7	in	in	IN	O	O	6	prep	_	_
8	a	a	DT	O	O	10	det	_	_
9	splendid	splendid	JJ	O	O	10	amod	_	_
10	dress	dress	NN	O	O	7	pobj	_	_
11	,shining	,shining	VBG	O	O	10	partmod	_	_
12	with	with	IN	O	O	11	prep	_	_
13	youth	youth	NN	O	O	12	pobj	_	_
14	and	and	CC	O	O	13	cc	_	_
15	beauty	beauty	NN	O	O	13	conj	_	_
16	.	.	.	O	O	0	_	_	_

1	Her	she	PRP$	O	O	2	poss	_	_
2	stepmother	stepmother	NN	O	O	14	nsubj	_	_
3	and	and	CC	O	O	2	cc	_	_
4	stepsisters	stepsister	NNS	O	O	2	conj	_	_
5	gaped	gape	VBN	O	O	4	partmod	_	_
6	at	at	IN	O	O	5	prep	_	_
7	her	she	PRP	O	O	6	pobj	_	_
8	in	in	IN	O	O	5	prep	_	_
9	amazement	amazement	NN	O	O	8	pobj	_	_
10	,	,	,	O	O	0	_	_	_
11	and	and	CC	O	O	4	cc	_	_
12	the	the	DT	O	O	13	det	_	_
13	ministers	minister	NNS	O	O	4	conj	_	_
14	said	say	VBD	O	O	0	_	_	_
15	,	,	,	O	O	0	_	_	_
16	``	``	``	O	O	17	punct	_	_
17	Come	come	VB	O	O	14	ccomp	_	_
18	with	with	IN	O	O	17	prep	_	_
19	us	we	PRP	O	O	18	pobj	_	_
20	,	,	,	O	O	0	_	_	_
21	fair	fair	JJ	O	O	22	amod	_	_
22	maiden	maiden	NN	O	O	17	dobj	_	_
23	!	!	.	O	O	0	_	_	_

1	The	the	DT	O	O	2	det	_	_
2	Prince	Prince	NNP	O	O	3	nsubj	_	_
3	awaits	await	VBZ	O	O	0	_	_	_
4	to	to	TO	O	O	5	aux	_	_
5	present	present	VB	O	O	3	xcomp	_	_
6	you	you	PRP	O	O	5	dobj	_	_
7	with	with	IN	O	O	5	prep	_	_
8	his	he	PRP$	O	O	10	poss	_	_
9	engagement	engagement	JJ	O	O	10	amod	_	_
10	ring	ring	NN	O	O	7	pobj	_	_
11	!	!	.	O	O	0	_	_	_
12	``	``	''	O	O	3	punct	_	_

1	So	so	RB	O	O	4	advmod	_	_
2	Cinderella	Cinderella	NNP	O	O	4	nsubj	_	_
3	joyfully	joyfully	RB	O	O	4	advmod	_	_
4	went	go	VBD	O	O	0	_	_	_
5	with	with	IN	O	O	4	prep	_	_
6	them	they	PRP	O	O	5	pobj	_	_
7	,	,	,	O	O	0	_	_	_
8	and	and	CC	O	O	4	cc	_	_
9	lived	live	VBD	O	O	4	conj	_	_
10	happily	happily	RB	O	O	9	advmod	_	_
11	ever	ever	RB	O	O	12	advmod	_	_
12	after	after	IN	O	O	9	advmod	_	_
13	with	with	IN	O	O	9	prep	_	_
14	her	she	PRP$	O	O	15	poss	_	_
15	Prince	prince	NN	O	O	13	pobj	_	_
16	.	.	.	O	O	0	_	_	_

1	And	and	CC	O	O	9	cc	_	_
2	as	as	IN	O	O	9	prep	_	_
3	for	for	IN	O	O	2	pcomp	_	_
4	the	the	DT	O	O	5	det	_	_
5	cat	cat	NN	O	O	3	pobj	_	_
6	,	,	,	O	O	0	_	_	_
7	he	he	PRP	O	O	9	nsubj	_	_
8	just	just	RB	O	O	9	advmod	_	_
9	said	say	VBD	O	O	0	_	_	_
10	``	``	``	O	O	11	punct	_	_
11	Miaow``	Miaow``	NNP	O	O	9	dep	_	_
12	!	!	.	O	O	0	_	_	_
13	.	.	.	O	O	0	_	_	_

