#FORMAT=WebAnno TSV 3.1
#T_SP=de.tudarmstadt.ukp.dkpro.core.api.lexmorph.type.pos.POS|PosValue
#T_SP=de.tudarmstadt.ukp.dkpro.core.api.segmentation.type.Lemma|value
#T_RL=de.tudarmstadt.ukp.dkpro.core.api.syntax.type.dependency.Dependency|DependencyType|flavor|BT_de.tudarmstadt.ukp.dkpro.core.api.lexmorph.type.pos.POS


#Text=Once upon a time ... there lived an unhappy young girl .
1-1	0-4	Once	IN	once	prep	*	1-7	
1-2	5-9	upon	IN	upon	pcomp	*	1-1	
1-3	10-11	a	DT	a	det	*	1-4	
1-4	12-16	time	NN	time	pobj	*	1-2	
1-5	17-20	...	:	...	\_	*	1-5	
1-6	21-26	there	EX	there	expl	*	1-7	
1-7	27-32	lived	VBD	live	\_	*	1-7	
1-8	33-35	an	DT	a	det	*	1-11	
1-9	36-43	unhappy	JJ	unhappy	amod	*	1-11	
1-10	44-49	young	JJ	young	amod	*	1-11	
1-11	50-54	girl	NN	girl	dobj	*	1-7	
1-12	55-56	.	.	.	\_	*	1-12	

#Text=Unhappy she was , for her mother was dead , her father had married another woman , a widow with two daughters , and her stepmother did n't like her one little bit .
2-1	57-64	Unhappy	RB	unhappy	_	_	_	
2-2	65-68	she	PRP	she	_	_	_	
2-3	69-72	was	VBD	be	_	_	_	
2-4	73-74	,	,	,	_	_	_	
2-5	75-78	for	IN	for	_	_	_	
2-6	79-82	her	PRP$	she	_	_	_	
2-7	83-89	mother	NN	mother	_	_	_	
2-8	90-93	was	VBD	be	_	_	_	
2-9	94-98	dead	JJ	dead	_	_	_	
2-10	99-100	,	,	,	_	_	_	
2-11	101-104	her	PRP$	she	_	_	_	
2-12	105-111	father	NN	father	_	_	_	
2-13	112-115	had	VBD	have	_	_	_	
2-14	116-123	married	VBN	marry	_	_	_	
2-15	124-131	another	DT	another	_	_	_	
2-16	132-137	woman	NN	woman	_	_	_	
2-17	138-139	,	,	,	_	_	_	
2-18	140-141	a	DT	a	_	_	_	
2-19	142-147	widow	NN	widow	_	_	_	
2-20	148-152	with	IN	with	_	_	_	
2-21	153-156	two	CD	two	_	_	_	
2-22	157-166	daughters	NNS	daughter	_	_	_	
2-23	167-168	,	,	,	_	_	_	
2-24	169-172	and	CC	and	_	_	_	
2-25	173-176	her	PRP$	she	_	_	_	
2-26	177-187	stepmother	NN	stepmother	_	_	_	
2-27	188-191	did	VBD	do	_	_	_	
2-28	192-195	n't	RB	not	_	_	_	
2-29	196-200	like	IN	like	_	_	_	
2-30	201-204	her	PRP$	she	_	_	_	
2-31	205-208	one	CD	one	_	_	_	
2-32	209-215	little	JJ	little	_	_	_	
2-33	216-219	bit	NN	bit	_	_	_	
2-34	220-221	.	.	.	_	_	_	

#Text=All the nice things , kind thoughts and loving touches were for her own daughters .
3-1	222-225	All	PDT	all	_	_	_	
3-2	226-229	the	DT	the	_	_	_	
3-3	230-234	nice	JJ	nice	_	_	_	
3-4	235-241	things	NNS	thing	_	_	_	
3-5	242-243	,	,	,	_	_	_	
3-6	244-248	kind	NN	kind	_	_	_	
3-7	249-257	thoughts	NNS	thought	_	_	_	
3-8	258-261	and	CC	and	_	_	_	
3-9	262-268	loving	VBG	love	_	_	_	
3-10	269-276	touches	NNS	touch	_	_	_	
3-11	277-281	were	VBD	be	_	_	_	
3-12	282-285	for	IN	for	_	_	_	
3-13	286-289	her	PRP$	she	_	_	_	
3-14	290-293	own	JJ	own	_	_	_	
3-15	294-303	daughters	NNS	daughter	_	_	_	
3-16	304-305	.	.	.	_	_	_	

#Text=And not just the kind thoughts and love , but also dresses , shoes , shawls , delicious food , comfy beds , as well as every home comfort .
4-1	306-309	And	CC	and	_	_	_	
4-2	310-313	not	RB	not	_	_	_	
4-3	314-318	just	RB	just	_	_	_	
4-4	319-322	the	DT	the	_	_	_	
4-5	323-327	kind	NN	kind	_	_	_	
4-6	328-336	thoughts	NNS	thought	_	_	_	
4-7	337-340	and	CC	and	_	_	_	
4-8	341-345	love	NN	love	_	_	_	
4-9	346-347	,	,	,	_	_	_	
4-10	348-351	but	CC	but	_	_	_	
4-11	352-356	also	RB	also	_	_	_	
4-12	357-364	dresses	NNS	dress	_	_	_	
4-13	365-366	,	,	,	_	_	_	
4-14	367-372	shoes	NNS	shoe	_	_	_	
4-15	373-374	,	,	,	_	_	_	
4-16	375-381	shawls	NNS	shawl	_	_	_	
4-17	382-383	,	,	,	_	_	_	
4-18	384-393	delicious	JJ	delicious	_	_	_	
4-19	394-398	food	NN	food	_	_	_	
4-20	399-400	,	,	,	_	_	_	
4-21	401-406	comfy	JJ	comfy	_	_	_	
4-22	407-411	beds	NNS	bed	_	_	_	
4-23	412-413	,	,	,	_	_	_	
4-24	414-416	as	RB	as	_	_	_	
4-25	417-421	well	RB	well	_	_	_	
4-26	422-424	as	IN	as	_	_	_	
4-27	425-430	every	DT	every	_	_	_	
4-28	431-435	home	NN	home	_	_	_	
4-29	436-443	comfort	NN	comfort	_	_	_	
4-30	444-445	.	.	.	_	_	_	

#Text=All this was laid on for her daughters .
5-1	446-449	All	PDT	all	_	_	_	
5-2	450-454	this	DT	this	_	_	_	
5-3	455-458	was	VBD	be	_	_	_	
5-4	459-463	laid	VBN	lay	_	_	_	
5-5	464-466	on	RP	on	_	_	_	
5-6	467-470	for	IN	for	_	_	_	
5-7	471-474	her	PRP$	she	_	_	_	
5-8	475-484	daughters	NNS	daughter	_	_	_	
5-9	485-486	.	.	.	_	_	_	

#Text=But , for the poor unhappy girl , there was nothing at all .
6-1	487-490	But	CC	but	_	_	_	
6-2	491-492	,	,	,	_	_	_	
6-3	493-496	for	IN	for	_	_	_	
6-4	497-500	the	DT	the	_	_	_	
6-5	501-505	poor	JJ	poor	_	_	_	
6-6	506-513	unhappy	JJ	unhappy	_	_	_	
6-7	514-518	girl	NN	girl	_	_	_	
6-8	519-520	,	,	,	_	_	_	
6-9	521-526	there	EX	there	_	_	_	
6-10	527-530	was	VBD	be	_	_	_	
6-11	531-538	nothing	NN	nothing	_	_	_	
6-12	539-541	at	IN	at	_	_	_	
6-13	542-545	all	DT	all	_	_	_	
6-14	546-547	.	.	.	_	_	_	

#Text=No dresses , only her stepsisters ' hand-me-downs .
7-1	548-550	No	DT	no	_	_	_	
7-2	551-558	dresses	NNS	dress	_	_	_	
7-3	559-560	,	,	,	_	_	_	
7-4	561-565	only	RB	only	_	_	_	
7-5	566-569	her	PRP$	she	_	_	_	
7-6	570-581	stepsisters	NNS	stepsister	_	_	_	
7-7	582-583	'	POS	'	_	_	_	
7-8	584-597	hand-me-downs	NNS	hand-me-downs	_	_	_	
7-9	598-599	.	.	.	_	_	_	

#Text=No lovely dishes , nothing but scraps .
8-1	600-602	No	DT	no	_	_	_	
8-2	603-609	lovely	JJ	lovely	_	_	_	
8-3	610-616	dishes	NNS	dish	_	_	_	
8-4	617-618	,	,	,	_	_	_	
8-5	619-626	nothing	NN	nothing	_	_	_	
8-6	627-630	but	CC	but	_	_	_	
8-7	631-637	scraps	VBZ	scrap	_	_	_	
8-8	638-639	.	.	.	_	_	_	

#Text=No nice rests and comfort .
9-1	640-642	No	DT	no	_	_	_	
9-2	643-647	nice	JJ	nice	_	_	_	
9-3	648-653	rests	VBZ	rest	_	_	_	
9-4	654-657	and	CC	and	_	_	_	
9-5	658-665	comfort	NN	comfort	_	_	_	
9-6	666-667	.	.	.	_	_	_	

#Text=For she had to work hard all day , and only when evening came was she allowed to sit for a while by the fire , near the cinders .
10-1	668-671	For	IN	for	_	_	_	
10-2	672-675	she	PRP	she	_	_	_	
10-3	676-679	had	VBD	have	_	_	_	
10-4	680-682	to	TO	to	_	_	_	
10-5	683-687	work	VB	work	_	_	_	
10-6	688-692	hard	JJ	hard	_	_	_	
10-7	693-696	all	DT	all	_	_	_	
10-8	697-700	day	NN	day	_	_	_	
10-9	701-702	,	,	,	_	_	_	
10-10	703-706	and	CC	and	_	_	_	
10-11	707-711	only	RB	only	_	_	_	
10-12	712-716	when	WRB	when	_	_	_	
10-13	717-724	evening	NN	evening	_	_	_	
10-14	725-729	came	VBD	come	_	_	_	
10-15	730-733	was	VBD	be	_	_	_	
10-16	734-737	she	PRP	she	_	_	_	
10-17	738-745	allowed	VBN	allow	_	_	_	
10-18	746-748	to	TO	to	_	_	_	
10-19	749-752	sit	VB	sit	_	_	_	
10-20	753-756	for	IN	for	_	_	_	
10-21	757-758	a	DT	a	_	_	_	
10-22	759-764	while	NN	while	_	_	_	
10-23	765-767	by	IN	by	_	_	_	
10-24	768-771	the	DT	the	_	_	_	
10-25	772-776	fire	NN	fire	_	_	_	
10-26	777-778	,	,	,	_	_	_	
10-27	779-783	near	IN	near	_	_	_	
10-28	784-787	the	DT	the	_	_	_	
10-29	788-795	cinders	NNS	cinder	_	_	_	
10-30	796-797	.	.	.	_	_	_	

#Text=That is how she got her nickname , for everybody called her Cinderella .
11-1	798-802	That	DT	that	_	_	_	
11-2	803-805	is	VBZ	be	_	_	_	
11-3	806-809	how	WRB	how	_	_	_	
11-4	810-813	she	PRP	she	_	_	_	
11-5	814-817	got	VBD	get	_	_	_	
11-6	818-821	her	PRP$	she	_	_	_	
11-7	822-830	nickname	NN	nickname	_	_	_	
11-8	831-832	,	,	,	_	_	_	
11-9	833-836	for	IN	for	_	_	_	
11-10	837-846	everybody	NN	everybody	_	_	_	
11-11	847-853	called	VBN	call	_	_	_	
11-12	854-857	her	PRP$	she	_	_	_	
11-13	858-868	Cinderella	NNP	Cinderella	_	_	_	
11-14	869-870	.	.	.	_	_	_	

#Text=Cinderella used to spend long hours all alonetalking to the cat .
12-1	871-881	Cinderella	NNP	Cinderella	_	_	_	
12-2	882-886	used	VBD	use	_	_	_	
12-3	887-889	to	TO	to	_	_	_	
12-4	890-895	spend	VB	spend	_	_	_	
12-5	896-900	long	JJ	long	_	_	_	
12-6	901-906	hours	NNS	hour	_	_	_	
12-7	907-910	all	RB	all	_	_	_	
12-8	911-923	alonetalking	VBG	alonetalk	_	_	_	
12-9	924-926	to	TO	to	_	_	_	
12-10	927-930	the	DT	the	_	_	_	
12-11	931-934	cat	NN	cat	_	_	_	
12-12	935-936	.	.	.	_	_	_	

#Text=The cat said , `` Miaow`` , which really meant , `` Cheer up !
13-1	937-940	The	DT	the	_	_	_	
13-2	941-944	cat	NN	cat	_	_	_	
13-3	945-949	said	VBD	say	_	_	_	
13-4	950-951	,	,	,	_	_	_	
13-5	952-954	``	``	``	_	_	_	
13-6	955-962	Miaow``	NNP	Miaow``	_	_	_	
13-7	963-964	,	,	,	_	_	_	
13-8	965-970	which	WDT	which	_	_	_	
13-9	971-977	really	RB	really	_	_	_	
13-10	978-983	meant	VBD	mean	_	_	_	
13-11	984-985	,	,	,	_	_	_	
13-12	986-988	``	``	``	_	_	_	
13-13	989-994	Cheer	VBD	cheer	_	_	_	
13-14	995-997	up	RP	up	_	_	_	
13-15	998-999	!	.	!	_	_	_	

#Text=You have something neither of your stepsisters have and that is beauty . ``
14-1	1000-1003	You	PRP	you	_	_	_	
14-2	1004-1008	have	VBP	have	_	_	_	
14-3	1009-1018	something	NN	something	_	_	_	
14-4	1019-1026	neither	DT	neither	_	_	_	
14-5	1027-1029	of	IN	of	_	_	_	
14-6	1030-1034	your	PRP$	you	_	_	_	
14-7	1035-1046	stepsisters	NNS	stepsister	_	_	_	
14-8	1047-1051	have	VBP	have	_	_	_	
14-9	1052-1055	and	CC	and	_	_	_	
14-10	1056-1060	that	IN	that	_	_	_	
14-11	1061-1063	is	VBZ	be	_	_	_	
14-12	1064-1070	beauty	NN	beauty	_	_	_	
14-13	1071-1072	.	.	.	_	_	_	
14-14	1073-1075	``	``	``	_	_	_	

#Text=It was quite true .
15-1	1076-1078	It	PRP	it	_	_	_	
15-2	1079-1082	was	VBD	be	_	_	_	
15-3	1083-1088	quite	RB	quite	_	_	_	
15-4	1089-1093	true	JJ	true	_	_	_	
15-5	1094-1095	.	.	.	_	_	_	

#Text=Cinderella , even dressed in rags with a dusty grey face from the cinders , was a lovely girl .
16-1	1096-1106	Cinderella	NNP	Cinderella	_	_	_	
16-2	1107-1108	,	,	,	_	_	_	
16-3	1109-1113	even	RB	even	_	_	_	
16-4	1114-1121	dressed	VBN	dress	_	_	_	
16-5	1122-1124	in	IN	in	_	_	_	
16-6	1125-1129	rags	NNS	rag	_	_	_	
16-7	1130-1134	with	IN	with	_	_	_	
16-8	1135-1136	a	DT	a	_	_	_	
16-9	1137-1142	dusty	JJ	dusty	_	_	_	
16-10	1143-1147	grey	JJ	grey	_	_	_	
16-11	1148-1152	face	NN	face	_	_	_	
16-12	1153-1157	from	IN	from	_	_	_	
16-13	1158-1161	the	DT	the	_	_	_	
16-14	1162-1169	cinders	NNS	cinder	_	_	_	
16-15	1170-1171	,	,	,	_	_	_	
16-16	1172-1175	was	VBD	be	_	_	_	
16-17	1176-1177	a	DT	a	_	_	_	
16-18	1178-1184	lovely	JJ	lovely	_	_	_	
16-19	1185-1189	girl	NN	girl	_	_	_	
16-20	1190-1191	.	.	.	_	_	_	

#Text=While her stepsisters , no matter how splendid and elegant thei clothes , were still clumsy , lumpy and ugly and always would be .
17-1	1192-1197	While	IN	while	_	_	_	
17-2	1198-1201	her	PRP$	she	_	_	_	
17-3	1202-1213	stepsisters	NNS	stepsister	_	_	_	
17-4	1214-1215	,	,	,	_	_	_	
17-5	1216-1218	no	DT	no	_	_	_	
17-6	1219-1225	matter	NN	matter	_	_	_	
17-7	1226-1229	how	WRB	how	_	_	_	
17-8	1230-1238	splendid	JJ	splendid	_	_	_	
17-9	1239-1242	and	CC	and	_	_	_	
17-10	1243-1250	elegant	JJ	elegant	_	_	_	
17-11	1251-1255	thei	NNS	theus	_	_	_	
17-12	1256-1263	clothes	NNS	clothes	_	_	_	
17-13	1264-1265	,	,	,	_	_	_	
17-14	1266-1270	were	VBD	be	_	_	_	
17-15	1271-1276	still	RB	still	_	_	_	
17-16	1277-1283	clumsy	JJ	clumsy	_	_	_	
17-17	1284-1285	,	,	,	_	_	_	
17-18	1286-1291	lumpy	JJ	lumpy	_	_	_	
17-19	1292-1295	and	CC	and	_	_	_	
17-20	1296-1300	ugly	JJ	ugly	_	_	_	
17-21	1301-1304	and	CC	and	_	_	_	
17-22	1305-1311	always	RB	always	_	_	_	
17-23	1312-1317	would	MD	would	_	_	_	
17-24	1318-1320	be	VB	be	_	_	_	
17-25	1321-1322	.	.	.	_	_	_	

#Text=One day , beautiful new dresses arrived at the house .
18-1	1323-1326	One	CD	one	_	_	_	
18-2	1327-1330	day	NN	day	_	_	_	
18-3	1331-1332	,	,	,	_	_	_	
18-4	1333-1342	beautiful	JJ	beautiful	_	_	_	
18-5	1343-1346	new	JJ	new	_	_	_	
18-6	1347-1354	dresses	NNS	dress	_	_	_	
18-7	1355-1362	arrived	VBD	arrive	_	_	_	
18-8	1363-1365	at	IN	at	_	_	_	
18-9	1366-1369	the	DT	the	_	_	_	
18-10	1370-1375	house	NN	house	_	_	_	
18-11	1376-1377	.	.	.	_	_	_	

#Text=A ball was to be held at Court and the stepsisters were getting ready to go to it .
19-1	1378-1379	A	DT	a	_	_	_	
19-2	1380-1384	ball	NN	ball	_	_	_	
19-3	1385-1388	was	VBD	be	_	_	_	
19-4	1389-1391	to	TO	to	_	_	_	
19-5	1392-1394	be	VB	be	_	_	_	
19-6	1395-1399	held	VBN	hold	_	_	_	
19-7	1400-1402	at	IN	at	_	_	_	
19-8	1403-1408	Court	NNP	Court	_	_	_	
19-9	1409-1412	and	CC	and	_	_	_	
19-10	1413-1416	the	DT	the	_	_	_	
19-11	1417-1428	stepsisters	NNS	stepsister	_	_	_	
19-12	1429-1433	were	VBD	be	_	_	_	
19-13	1434-1441	getting	VBG	get	_	_	_	
19-14	1442-1447	ready	JJ	ready	_	_	_	
19-15	1448-1450	to	TO	to	_	_	_	
19-16	1451-1453	go	VB	go	_	_	_	
19-17	1454-1456	to	TO	to	_	_	_	
19-18	1457-1459	it	PRP	it	_	_	_	
19-19	1460-1461	.	.	.	_	_	_	

#Text=Cinderella , did n't even dare ask , `` What about me ? `` for she knew very well what the answer to that would be : `` You ?
20-1	1462-1472	Cinderella	NNP	Cinderella	_	_	_	
20-2	1473-1474	,	,	,	_	_	_	
20-3	1475-1478	did	VBD	do	_	_	_	
20-4	1479-1482	n't	RB	not	_	_	_	
20-5	1483-1487	even	RB	even	_	_	_	
20-6	1488-1492	dare	VB	dare	_	_	_	
20-7	1493-1496	ask	VB	ask	_	_	_	
20-8	1497-1498	,	,	,	_	_	_	
20-9	1499-1501	``	``	``	_	_	_	
20-10	1502-1506	What	WP	what	_	_	_	
20-11	1507-1512	about	IN	about	_	_	_	
20-12	1513-1515	me	PRP	I	_	_	_	
20-13	1516-1517	?	.	?	_	_	_	
20-14	1518-1520	``	''	``	_	_	_	
20-15	1521-1524	for	IN	for	_	_	_	
20-16	1525-1528	she	PRP	she	_	_	_	
20-17	1529-1533	knew	VBD	know	_	_	_	
20-18	1534-1538	very	RB	very	_	_	_	
20-19	1539-1543	well	RB	well	_	_	_	
20-20	1544-1548	what	WP	what	_	_	_	
20-21	1549-1552	the	DT	the	_	_	_	
20-22	1553-1559	answer	NN	answer	_	_	_	
20-23	1560-1562	to	TO	to	_	_	_	
20-24	1563-1567	that	WDT	that	_	_	_	
20-25	1568-1573	would	MD	would	_	_	_	
20-26	1574-1576	be	VB	be	_	_	_	
20-27	1577-1578	:	:	:	_	_	_	
20-28	1579-1581	``	``	``	_	_	_	
20-29	1582-1585	You	PRP	you	_	_	_	
20-30	1586-1587	?	.	?	_	_	_	

#Text=My dear girl , you 're staying at home to wash the dishes , scrub the floors and turn down the beds for your stepsisters .
21-1	1588-1590	My	PRP$	my	_	_	_	
21-2	1591-1595	dear	RB	dear	_	_	_	
21-3	1596-1600	girl	NN	girl	_	_	_	
21-4	1601-1602	,	,	,	_	_	_	
21-5	1603-1606	you	PRP	you	_	_	_	
21-6	1607-1610	're	VBP	be	_	_	_	
21-7	1611-1618	staying	VBG	stay	_	_	_	
21-8	1619-1621	at	IN	at	_	_	_	
21-9	1622-1626	home	NN	home	_	_	_	
21-10	1627-1629	to	TO	to	_	_	_	
21-11	1630-1634	wash	VB	wash	_	_	_	
21-12	1635-1638	the	DT	the	_	_	_	
21-13	1639-1645	dishes	NNS	dish	_	_	_	
21-14	1646-1647	,	,	,	_	_	_	
21-15	1648-1653	scrub	NN	scrub	_	_	_	
21-16	1654-1657	the	DT	the	_	_	_	
21-17	1658-1664	floors	NNS	floor	_	_	_	
21-18	1665-1668	and	CC	and	_	_	_	
21-19	1669-1673	turn	VB	turn	_	_	_	
21-20	1674-1678	down	RP	down	_	_	_	
21-21	1679-1682	the	DT	the	_	_	_	
21-22	1683-1687	beds	NNS	bed	_	_	_	
21-23	1688-1691	for	IN	for	_	_	_	
21-24	1692-1696	your	PRP$	you	_	_	_	
21-25	1697-1708	stepsisters	NNS	stepsister	_	_	_	
21-26	1709-1710	.	.	.	_	_	_	

#Text=They will come home tired and very sleepy . ``
22-1	1711-1715	They	PRP	they	_	_	_	
22-2	1716-1720	will	MD	will	_	_	_	
22-3	1721-1725	come	VB	come	_	_	_	
22-4	1726-1730	home	NN	home	_	_	_	
22-5	1731-1736	tired	JJ	tired	_	_	_	
22-6	1737-1740	and	CC	and	_	_	_	
22-7	1741-1745	very	RB	very	_	_	_	
22-8	1746-1752	sleepy	JJ	sleepy	_	_	_	
22-9	1753-1754	.	.	.	_	_	_	
22-10	1755-1757	``	''	``	_	_	_	

#Text=Cinderella sighed at the cat .
23-1	1758-1768	Cinderella	NNP	Cinderella	_	_	_	
23-2	1769-1775	sighed	VBD	sigh	_	_	_	
23-3	1776-1778	at	IN	at	_	_	_	
23-4	1779-1782	the	DT	the	_	_	_	
23-5	1783-1786	cat	NN	cat	_	_	_	
23-6	1787-1788	.	.	.	_	_	_	

#Text=``oh dear , I 'm so unhappy ! `` and the cat murmured `` Miaow`` .
24-1	1789-1793	``oh	RB	``oh	_	_	_	
24-2	1794-1798	dear	RB	dear	_	_	_	
24-3	1799-1800	,	,	,	_	_	_	
24-4	1801-1802	I	PRP	I	_	_	_	
24-5	1803-1805	'm	VBP	be	_	_	_	
24-6	1806-1808	so	RB	so	_	_	_	
24-7	1809-1816	unhappy	JJ	unhappy	_	_	_	
24-8	1817-1818	!	.	!	_	_	_	
24-9	1819-1821	``	``	``	_	_	_	
24-10	1822-1825	and	CC	and	_	_	_	
24-11	1826-1829	the	DT	the	_	_	_	
24-12	1830-1833	cat	NN	cat	_	_	_	
24-13	1834-1842	murmured	NN	murmured	_	_	_	
24-14	1843-1845	``	''	``	_	_	_	
24-15	1846-1853	Miaow``	VBZ	miaow``	_	_	_	
24-16	1854-1855	.	.	.	_	_	_	

#Text=Suddenly something amazing happened .
25-1	1856-1864	Suddenly	RB	suddenly	_	_	_	
25-2	1865-1874	something	NN	something	_	_	_	
25-3	1875-1882	amazing	JJ	amazing	_	_	_	
25-4	1883-1891	happened	VBD	happen	_	_	_	
25-5	1892-1893	.	.	.	_	_	_	

#Text=In the kitchen , where Cinderella was sitting all by herself , there was a burst of light and a fairy appeared .
26-1	1894-1896	In	IN	in	_	_	_	
26-2	1897-1900	the	DT	the	_	_	_	
26-3	1901-1908	kitchen	NN	kitchen	_	_	_	
26-4	1909-1910	,	,	,	_	_	_	
26-5	1911-1916	where	WRB	where	_	_	_	
26-6	1917-1927	Cinderella	NNP	Cinderella	_	_	_	
26-7	1928-1931	was	VBD	be	_	_	_	
26-8	1932-1939	sitting	VBG	sit	_	_	_	
26-9	1940-1943	all	DT	all	_	_	_	
26-10	1944-1946	by	IN	by	_	_	_	
26-11	1947-1954	herself	PRP	herself	_	_	_	
26-12	1955-1956	,	,	,	_	_	_	
26-13	1957-1962	there	EX	there	_	_	_	
26-14	1963-1966	was	VBD	be	_	_	_	
26-15	1967-1968	a	DT	a	_	_	_	
26-16	1969-1974	burst	NN	burst	_	_	_	
26-17	1975-1977	of	IN	of	_	_	_	
26-18	1978-1983	light	NN	light	_	_	_	
26-19	1984-1987	and	CC	and	_	_	_	
26-20	1988-1989	a	DT	a	_	_	_	
26-21	1990-1995	fairy	NN	fairy	_	_	_	
26-22	1996-2004	appeared	VBD	appear	_	_	_	
26-23	2005-2006	.	.	.	_	_	_	

#Text=`` Do n't be alarmed , Cinderella , `` said the fairy .
27-1	2007-2009	``	``	``	_	_	_	
27-2	2010-2012	Do	VBP	do	_	_	_	
27-3	2013-2016	n't	RB	not	_	_	_	
27-4	2017-2019	be	VB	be	_	_	_	
27-5	2020-2027	alarmed	VBN	alarm	_	_	_	
27-6	2028-2029	,	,	,	_	_	_	
27-7	2030-2040	Cinderella	NNP	Cinderella	_	_	_	
27-8	2041-2042	,	,	,	_	_	_	
27-9	2043-2045	``	''	``	_	_	_	
27-10	2046-2050	said	VBD	say	_	_	_	
27-11	2051-2054	the	DT	the	_	_	_	
27-12	2055-2060	fairy	NN	fairy	_	_	_	
27-13	2061-2062	.	.	.	_	_	_	

#Text=`` The wind blew me your sighs .
28-1	2063-2065	``	``	``	_	_	_	
28-2	2066-2069	The	DT	the	_	_	_	
28-3	2070-2074	wind	NN	wind	_	_	_	
28-4	2075-2079	blew	VBD	blow	_	_	_	
28-5	2080-2082	me	PRP	I	_	_	_	
28-6	2083-2087	your	PRP$	you	_	_	_	
28-7	2088-2093	sighs	NNS	sigh	_	_	_	
28-8	2094-2095	.	.	.	_	_	_	

#Text=I know you would love to go to the ball .
29-1	2096-2097	I	PRP	I	_	_	_	
29-2	2098-2102	know	VBP	know	_	_	_	
29-3	2103-2106	you	PRP	you	_	_	_	
29-4	2107-2112	would	MD	would	_	_	_	
29-5	2113-2117	love	VB	love	_	_	_	
29-6	2118-2120	to	TO	to	_	_	_	
29-7	2121-2123	go	VB	go	_	_	_	
29-8	2124-2126	to	TO	to	_	_	_	
29-9	2127-2130	the	DT	the	_	_	_	
29-10	2131-2135	ball	NN	ball	_	_	_	
29-11	2136-2137	.	.	.	_	_	_	

#Text=And so you shall ! `` ``how can I , dressed in rags ? `` Cinderella replied .
30-1	2138-2141	And	CC	and	_	_	_	
30-2	2142-2144	so	RB	so	_	_	_	
30-3	2145-2148	you	PRP	you	_	_	_	
30-4	2149-2154	shall	MD	shall	_	_	_	
30-5	2155-2156	!	.	!	_	_	_	
30-6	2157-2159	``	``	``	_	_	_	
30-7	2160-2165	``how	NN	``how	_	_	_	
30-8	2166-2169	can	MD	can	_	_	_	
30-9	2170-2171	I	PRP	I	_	_	_	
30-10	2172-2173	,	,	,	_	_	_	
30-11	2174-2181	dressed	VBN	dress	_	_	_	
30-12	2182-2184	in	IN	in	_	_	_	
30-13	2185-2189	rags	NNS	rag	_	_	_	
30-14	2190-2191	?	.	?	_	_	_	
30-15	2192-2194	``	''	``	_	_	_	
30-16	2195-2205	Cinderella	NNP	Cinderella	_	_	_	
30-17	2206-2213	replied	VBD	reply	_	_	_	
30-18	2214-2215	.	.	.	_	_	_	

#Text=`` The servants will turn me away ! ``
31-1	2216-2218	``	``	``	_	_	_	
31-2	2219-2222	The	DT	the	_	_	_	
31-3	2223-2231	servants	NNS	servant	_	_	_	
31-4	2232-2236	will	MD	will	_	_	_	
31-5	2237-2241	turn	VB	turn	_	_	_	
31-6	2242-2244	me	PRP	I	_	_	_	
31-7	2245-2249	away	RP	away	_	_	_	
31-8	2250-2251	!	.	!	_	_	_	
31-9	2252-2254	``	``	``	_	_	_	

#Text=The fairy smiled .
32-1	2255-2258	The	DT	the	_	_	_	
32-2	2259-2264	fairy	NN	fairy	_	_	_	
32-3	2265-2271	smiled	VBD	smile	_	_	_	
32-4	2272-2273	.	.	.	_	_	_	

#Text=With a flick of her magic wand ... Cinderella found herself wearing the most beautiful dress , the loveliest ever seen in the realm .
33-1	2274-2278	With	IN	with	_	_	_	
33-2	2279-2280	a	DT	a	_	_	_	
33-3	2281-2286	flick	NN	flick	_	_	_	
33-4	2287-2289	of	IN	of	_	_	_	
33-5	2290-2293	her	PRP$	she	_	_	_	
33-6	2294-2299	magic	JJ	magic	_	_	_	
33-7	2300-2304	wand	NN	wand	_	_	_	
33-8	2305-2308	...	:	...	_	_	_	
33-9	2309-2319	Cinderella	NNP	Cinderella	_	_	_	
33-10	2320-2325	found	VBD	find	_	_	_	
33-11	2326-2333	herself	PRP	herself	_	_	_	
33-12	2334-2341	wearing	VBG	wear	_	_	_	
33-13	2342-2345	the	DT	the	_	_	_	
33-14	2346-2350	most	RBS	most	_	_	_	
33-15	2351-2360	beautiful	JJ	beautiful	_	_	_	
33-16	2361-2366	dress	NN	dress	_	_	_	
33-17	2367-2368	,	,	,	_	_	_	
33-18	2369-2372	the	DT	the	_	_	_	
33-19	2373-2382	loveliest	NN	loveliest	_	_	_	
33-20	2383-2387	ever	RB	ever	_	_	_	
33-21	2388-2392	seen	VBN	see	_	_	_	
33-22	2393-2395	in	IN	in	_	_	_	
33-23	2396-2399	the	DT	the	_	_	_	
33-24	2400-2405	realm	NN	realm	_	_	_	
33-25	2406-2407	.	.	.	_	_	_	

#Text=`` Now that we have settled the matter of the dress , `` said the fairy , ``we 'll need to get you a coach .
34-1	2408-2410	``	``	``	_	_	_	
34-2	2411-2414	Now	RB	now	_	_	_	
34-3	2415-2419	that	IN	that	_	_	_	
34-4	2420-2422	we	PRP	we	_	_	_	
34-5	2423-2427	have	VBP	have	_	_	_	
34-6	2428-2435	settled	VBN	settle	_	_	_	
34-7	2436-2439	the	DT	the	_	_	_	
34-8	2440-2446	matter	NN	matter	_	_	_	
34-9	2447-2449	of	IN	of	_	_	_	
34-10	2450-2453	the	DT	the	_	_	_	
34-11	2454-2459	dress	NN	dress	_	_	_	
34-12	2460-2461	,	,	,	_	_	_	
34-13	2462-2464	``	''	``	_	_	_	
34-14	2465-2469	said	VBD	say	_	_	_	
34-15	2470-2473	the	DT	the	_	_	_	
34-16	2474-2479	fairy	NN	fairy	_	_	_	
34-17	2480-2481	,	,	,	_	_	_	
34-18	2482-2486	``we	NN	``we	_	_	_	
34-19	2487-2490	'll	MD	'll	_	_	_	
34-20	2491-2495	need	VB	need	_	_	_	
34-21	2496-2498	to	TO	to	_	_	_	
34-22	2499-2502	get	VB	get	_	_	_	
34-23	2503-2506	you	PRP	you	_	_	_	
34-24	2507-2508	a	DT	a	_	_	_	
34-25	2509-2514	coach	NN	coach	_	_	_	
34-26	2515-2516	.	.	.	_	_	_	

#Text=A real lady would never go to a ball on foot ! `` `` Quick !
35-1	2517-2518	A	DT	a	_	_	_	
35-2	2519-2523	real	JJ	real	_	_	_	
35-3	2524-2528	lady	NN	lady	_	_	_	
35-4	2529-2534	would	MD	would	_	_	_	
35-5	2535-2540	never	RB	never	_	_	_	
35-6	2541-2543	go	VB	go	_	_	_	
35-7	2544-2546	to	TO	to	_	_	_	
35-8	2547-2548	a	DT	a	_	_	_	
35-9	2549-2553	ball	NN	ball	_	_	_	
35-10	2554-2556	on	IN	on	_	_	_	
35-11	2557-2561	foot	NN	foot	_	_	_	
35-12	2562-2563	!	.	!	_	_	_	
35-13	2564-2566	``	``	``	_	_	_	
35-14	2567-2569	``	''	``	_	_	_	
35-15	2570-2575	Quick	RB	quick	_	_	_	
35-16	2576-2577	!	.	!	_	_	_	

#Text=Get me a pumpkin ! `` she ordered .
36-1	2578-2581	Get	VB	get	_	_	_	
36-2	2582-2584	me	PRP	I	_	_	_	
36-3	2585-2586	a	DT	a	_	_	_	
36-4	2587-2594	pumpkin	NN	pumpkin	_	_	_	
36-5	2595-2596	!	.	!	_	_	_	
36-6	2597-2599	``	``	``	_	_	_	
36-7	2600-2603	she	PRP	she	_	_	_	
36-8	2604-2611	ordered	VBD	order	_	_	_	
36-9	2612-2613	.	.	.	_	_	_	

#Text=`` Oh of course , `` said Cinderella , rushing away .
37-1	2614-2616	``	``	``	_	_	_	
37-2	2617-2619	Oh	UH	oh	_	_	_	
37-3	2620-2622	of	IN	of	_	_	_	
37-4	2623-2629	course	NN	course	_	_	_	
37-5	2630-2631	,	,	,	_	_	_	
37-6	2632-2634	``	''	``	_	_	_	
37-7	2635-2639	said	VBD	say	_	_	_	
37-8	2640-2650	Cinderella	NNP	Cinderella	_	_	_	
37-9	2651-2652	,	,	,	_	_	_	
37-10	2653-2660	rushing	VBG	rush	_	_	_	
37-11	2661-2665	away	RP	away	_	_	_	
37-12	2666-2667	.	.	.	_	_	_	

#Text=Then the fairy turned to the cat .
38-1	2668-2672	Then	RB	then	_	_	_	
38-2	2673-2676	the	DT	the	_	_	_	
38-3	2677-2682	fairy	NN	fairy	_	_	_	
38-4	2683-2689	turned	VBD	turn	_	_	_	
38-5	2690-2692	to	TO	to	_	_	_	
38-6	2693-2696	the	DT	the	_	_	_	
38-7	2697-2700	cat	NN	cat	_	_	_	
38-8	2701-2702	.	.	.	_	_	_	

#Text=`` You , bring me seven mice ! `` `` Seven mice ! `` said the cat .
39-1	2703-2705	``	``	``	_	_	_	
39-2	2706-2709	You	PRP	you	_	_	_	
39-3	2710-2711	,	,	,	_	_	_	
39-4	2712-2717	bring	VBP	bring	_	_	_	
39-5	2718-2720	me	PRP	I	_	_	_	
39-6	2721-2726	seven	CD	seven	_	_	_	
39-7	2727-2731	mice	NNS	mouse	_	_	_	
39-8	2732-2733	!	.	!	_	_	_	
39-9	2734-2736	``	''	``	_	_	_	
39-10	2737-2739	``	``	``	_	_	_	
39-11	2740-2745	Seven	CD	seven	_	_	_	
39-12	2746-2750	mice	NNS	mouse	_	_	_	
39-13	2751-2752	!	.	!	_	_	_	
39-14	2753-2755	``	''	``	_	_	_	
39-15	2756-2760	said	VBD	say	_	_	_	
39-16	2761-2764	the	DT	the	_	_	_	
39-17	2765-2768	cat	NN	cat	_	_	_	
39-18	2769-2770	.	.	.	_	_	_	

#Text=`` I did n't know fairies ate mice too ! `` `` They 're not for eating , silly !
40-1	2771-2773	``	``	``	_	_	_	
40-2	2774-2775	I	PRP	I	_	_	_	
40-3	2776-2779	did	VBD	do	_	_	_	
40-4	2780-2783	n't	RB	not	_	_	_	
40-5	2784-2788	know	VB	know	_	_	_	
40-6	2789-2796	fairies	NNS	fairy	_	_	_	
40-7	2797-2800	ate	VBD	eat	_	_	_	
40-8	2801-2805	mice	NNS	mouse	_	_	_	
40-9	2806-2809	too	RB	too	_	_	_	
40-10	2810-2811	!	.	!	_	_	_	
40-11	2812-2814	``	''	``	_	_	_	
40-12	2815-2817	``	``	``	_	_	_	
40-13	2818-2822	They	PRP	they	_	_	_	
40-14	2823-2826	're	VBP	be	_	_	_	
40-15	2827-2830	not	RB	not	_	_	_	
40-16	2831-2834	for	IN	for	_	_	_	
40-17	2835-2841	eating	VBG	eat	_	_	_	
40-18	2842-2843	,	,	,	_	_	_	
40-19	2844-2849	silly	JJ	silly	_	_	_	
40-20	2850-2851	!	.	!	_	_	_	

#Text=Do as you are told ! ... and , remember they must be alive ! ``
41-1	2852-2854	Do	VBP	do	_	_	_	
41-2	2855-2857	as	IN	as	_	_	_	
41-3	2858-2861	you	PRP	you	_	_	_	
41-4	2862-2865	are	VBP	be	_	_	_	
41-5	2866-2870	told	VBN	tell	_	_	_	
41-6	2871-2872	!	.	!	_	_	_	
41-7	2873-2876	...	:	...	_	_	_	
41-8	2877-2880	and	CC	and	_	_	_	
41-9	2881-2882	,	,	,	_	_	_	
41-10	2883-2891	remember	VB	remember	_	_	_	
41-11	2892-2896	they	PRP	they	_	_	_	
41-12	2897-2901	must	MD	must	_	_	_	
41-13	2902-2904	be	VB	be	_	_	_	
41-14	2905-2910	alive	JJ	alive	_	_	_	
41-15	2911-2912	!	.	!	_	_	_	
41-16	2913-2915	``	''	``	_	_	_	

#Text=Cinderella soon returned with a fine pumpkin and the cat with seven mice he had caught in the cellar .
42-1	2916-2926	Cinderella	NNP	Cinderella	_	_	_	
42-2	2927-2931	soon	RB	soon	_	_	_	
42-3	2932-2940	returned	VBD	return	_	_	_	
42-4	2941-2945	with	IN	with	_	_	_	
42-5	2946-2947	a	DT	a	_	_	_	
42-6	2948-2952	fine	JJ	fine	_	_	_	
42-7	2953-2960	pumpkin	NN	pumpkin	_	_	_	
42-8	2961-2964	and	CC	and	_	_	_	
42-9	2965-2968	the	DT	the	_	_	_	
42-10	2969-2972	cat	NN	cat	_	_	_	
42-11	2973-2977	with	IN	with	_	_	_	
42-12	2978-2983	seven	CD	seven	_	_	_	
42-13	2984-2988	mice	NNS	mouse	_	_	_	
42-14	2989-2991	he	PRP	he	_	_	_	
42-15	2992-2995	had	VBD	have	_	_	_	
42-16	2996-3002	caught	VBN	catch	_	_	_	
42-17	3003-3005	in	IN	in	_	_	_	
42-18	3006-3009	the	DT	the	_	_	_	
42-19	3010-3016	cellar	NN	cellar	_	_	_	
42-20	3017-3018	.	.	.	_	_	_	

#Text=`` Good ! `` exclaimed the fairy .
43-1	3019-3021	``	``	``	_	_	_	
43-2	3022-3026	Good	JJ	good	_	_	_	
43-3	3027-3028	!	.	!	_	_	_	
43-4	3029-3031	``	''	``	_	_	_	
43-5	3032-3041	exclaimed	VBD	exclaim	_	_	_	
43-6	3042-3045	the	DT	the	_	_	_	
43-7	3046-3051	fairy	NN	fairy	_	_	_	
43-8	3052-3053	.	.	.	_	_	_	

#Text=With a flick of her magic wand ... wonder of wonders !
44-1	3054-3058	With	IN	with	_	_	_	
44-2	3059-3060	a	DT	a	_	_	_	
44-3	3061-3066	flick	NN	flick	_	_	_	
44-4	3067-3069	of	IN	of	_	_	_	
44-5	3070-3073	her	PRP$	she	_	_	_	
44-6	3074-3079	magic	JJ	magic	_	_	_	
44-7	3080-3084	wand	NN	wand	_	_	_	
44-8	3085-3088	...	:	...	_	_	_	
44-9	3089-3095	wonder	NN	wonder	_	_	_	
44-10	3096-3098	of	IN	of	_	_	_	
44-11	3099-3106	wonders	VBZ	wonder	_	_	_	
44-12	3107-3108	!	.	!	_	_	_	

#Text=The pumpkin turned into a sparkling coach and the mice became six white horses , while the seventh mouse turned into a coachman , in a smart uniform and carrying a whip .
45-1	3109-3112	The	DT	the	_	_	_	
45-2	3113-3120	pumpkin	NN	pumpkin	_	_	_	
45-3	3121-3127	turned	VBD	turn	_	_	_	
45-4	3128-3132	into	IN	into	_	_	_	
45-5	3133-3134	a	DT	a	_	_	_	
45-6	3135-3144	sparkling	JJ	sparkling	_	_	_	
45-7	3145-3150	coach	NN	coach	_	_	_	
45-8	3151-3154	and	CC	and	_	_	_	
45-9	3155-3158	the	DT	the	_	_	_	
45-10	3159-3163	mice	NNS	mouse	_	_	_	
45-11	3164-3170	became	VBD	become	_	_	_	
45-12	3171-3174	six	CD	six	_	_	_	
45-13	3175-3180	white	JJ	white	_	_	_	
45-14	3181-3187	horses	NNS	horse	_	_	_	
45-15	3188-3189	,	,	,	_	_	_	
45-16	3190-3195	while	IN	while	_	_	_	
45-17	3196-3199	the	DT	the	_	_	_	
45-18	3200-3207	seventh	JJ	seventh	_	_	_	
45-19	3208-3213	mouse	NN	mouse	_	_	_	
45-20	3214-3220	turned	VBD	turn	_	_	_	
45-21	3221-3225	into	IN	into	_	_	_	
45-22	3226-3227	a	DT	a	_	_	_	
45-23	3228-3236	coachman	NN	coachman	_	_	_	
45-24	3237-3238	,	,	,	_	_	_	
45-25	3239-3241	in	IN	in	_	_	_	
45-26	3242-3243	a	DT	a	_	_	_	
45-27	3244-3249	smart	JJ	smart	_	_	_	
45-28	3250-3257	uniform	NN	uniform	_	_	_	
45-29	3258-3261	and	CC	and	_	_	_	
45-30	3262-3270	carrying	VBG	carry	_	_	_	
45-31	3271-3272	a	DT	a	_	_	_	
45-32	3273-3277	whip	NN	whip	_	_	_	
45-33	3278-3279	.	.	.	_	_	_	

#Text=Cinderella could hardly believe her eyes .
46-1	3280-3290	Cinderella	NNP	Cinderella	_	_	_	
46-2	3291-3296	could	MD	could	_	_	_	
46-3	3297-3303	hardly	RB	hardly	_	_	_	
46-4	3304-3311	believe	VB	believe	_	_	_	
46-5	3312-3315	her	PRP$	she	_	_	_	
46-6	3316-3320	eyes	NNS	eye	_	_	_	
46-7	3321-3322	.	.	.	_	_	_	

#Text=`` I shall present you at Court .
47-1	3323-3325	``	``	``	_	_	_	
47-2	3326-3327	I	PRP	I	_	_	_	
47-3	3328-3333	shall	MD	shall	_	_	_	
47-4	3334-3341	present	VB	present	_	_	_	
47-5	3342-3345	you	PRP	you	_	_	_	
47-6	3346-3348	at	IN	at	_	_	_	
47-7	3349-3354	Court	NNP	Court	_	_	_	
47-8	3355-3356	.	.	.	_	_	_	

#Text=You will soon see that the Prince , in whose honour the ball is being held , will be enchanted by your loveliness .
48-1	3357-3360	You	PRP	you	_	_	_	
48-2	3361-3365	will	MD	will	_	_	_	
48-3	3366-3370	soon	RB	soon	_	_	_	
48-4	3371-3374	see	VB	see	_	_	_	
48-5	3375-3379	that	IN	that	_	_	_	
48-6	3380-3383	the	DT	the	_	_	_	
48-7	3384-3390	Prince	NNP	Prince	_	_	_	
48-8	3391-3392	,	,	,	_	_	_	
48-9	3393-3395	in	IN	in	_	_	_	
48-10	3396-3401	whose	WP$	whose	_	_	_	
48-11	3402-3408	honour	NN	honour	_	_	_	
48-12	3409-3412	the	DT	the	_	_	_	
48-13	3413-3417	ball	NN	ball	_	_	_	
48-14	3418-3420	is	VBZ	be	_	_	_	
48-15	3421-3426	being	VBG	be	_	_	_	
48-16	3427-3431	held	VBN	hold	_	_	_	
48-17	3432-3433	,	,	,	_	_	_	
48-18	3434-3438	will	MD	will	_	_	_	
48-19	3439-3441	be	VB	be	_	_	_	
48-20	3442-3451	enchanted	VBN	enchant	_	_	_	
48-21	3452-3454	by	IN	by	_	_	_	
48-22	3455-3459	your	PRP$	you	_	_	_	
48-23	3460-3470	loveliness	NNS	loveliness	_	_	_	
48-24	3471-3472	.	.	.	_	_	_	

#Text=But remember !
49-1	3473-3476	But	CC	but	_	_	_	
49-2	3477-3485	remember	VB	remember	_	_	_	
49-3	3486-3487	!	.	!	_	_	_	

#Text=You must leave the ball at midnight and come home .
50-1	3488-3491	You	PRP	you	_	_	_	
50-2	3492-3496	must	MD	must	_	_	_	
50-3	3497-3502	leave	VB	leave	_	_	_	
50-4	3503-3506	the	DT	the	_	_	_	
50-5	3507-3511	ball	NN	ball	_	_	_	
50-6	3512-3514	at	IN	at	_	_	_	
50-7	3515-3523	midnight	NN	midnight	_	_	_	
50-8	3524-3527	and	CC	and	_	_	_	
50-9	3528-3532	come	VB	come	_	_	_	
50-10	3533-3537	home	NN	home	_	_	_	
50-11	3538-3539	.	.	.	_	_	_	

#Text=For that is when the spell ends .
51-1	3540-3543	For	IN	for	_	_	_	
51-2	3544-3548	that	WDT	that	_	_	_	
51-3	3549-3551	is	VBZ	be	_	_	_	
51-4	3552-3556	when	WRB	when	_	_	_	
51-5	3557-3560	the	DT	the	_	_	_	
51-6	3561-3566	spell	NN	spell	_	_	_	
51-7	3567-3571	ends	VBZ	end	_	_	_	
51-8	3572-3573	.	.	.	_	_	_	

#Text=Your coach will turn back into a pumpkin , the horses will become mice again and the coachman will turn back into a mouse ... and you will be dressed again in rags and wearing clogs instead of these dainty little slippers !
52-1	3574-3578	Your	PRP$	you	_	_	_	
52-2	3579-3584	coach	NN	coach	_	_	_	
52-3	3585-3589	will	MD	will	_	_	_	
52-4	3590-3594	turn	VB	turn	_	_	_	
52-5	3595-3599	back	RP	back	_	_	_	
52-6	3600-3604	into	IN	into	_	_	_	
52-7	3605-3606	a	DT	a	_	_	_	
52-8	3607-3614	pumpkin	NN	pumpkin	_	_	_	
52-9	3615-3616	,	,	,	_	_	_	
52-10	3617-3620	the	DT	the	_	_	_	
52-11	3621-3627	horses	NNS	horse	_	_	_	
52-12	3628-3632	will	MD	will	_	_	_	
52-13	3633-3639	become	VB	become	_	_	_	
52-14	3640-3644	mice	NNS	mouse	_	_	_	
52-15	3645-3650	again	RB	again	_	_	_	
52-16	3651-3654	and	CC	and	_	_	_	
52-17	3655-3658	the	DT	the	_	_	_	
52-18	3659-3667	coachman	NN	coachman	_	_	_	
52-19	3668-3672	will	MD	will	_	_	_	
52-20	3673-3677	turn	VB	turn	_	_	_	
52-21	3678-3682	back	RP	back	_	_	_	
52-22	3683-3687	into	IN	into	_	_	_	
52-23	3688-3689	a	DT	a	_	_	_	
52-24	3690-3695	mouse	NN	mouse	_	_	_	
52-25	3696-3699	...	:	...	_	_	_	
52-26	3700-3703	and	CC	and	_	_	_	
52-27	3704-3707	you	PRP	you	_	_	_	
52-28	3708-3712	will	MD	will	_	_	_	
52-29	3713-3715	be	VB	be	_	_	_	
52-30	3716-3723	dressed	VBN	dress	_	_	_	
52-31	3724-3729	again	RB	again	_	_	_	
52-32	3730-3732	in	IN	in	_	_	_	
52-33	3733-3737	rags	NNS	rag	_	_	_	
52-34	3738-3741	and	CC	and	_	_	_	
52-35	3742-3749	wearing	VBG	wear	_	_	_	
52-36	3750-3755	clogs	NNS	clog	_	_	_	
52-37	3756-3763	instead	RB	instead	_	_	_	
52-38	3764-3766	of	IN	of	_	_	_	
52-39	3767-3772	these	DT	these	_	_	_	
52-40	3773-3779	dainty	JJ	dainty	_	_	_	
52-41	3780-3786	little	JJ	little	_	_	_	
52-42	3787-3795	slippers	NNS	slipper	_	_	_	
52-43	3796-3797	!	.	!	_	_	_	

#Text=Do you understand ? `` Cinderella smiled and said , `` Yes , I understand ! ``
53-1	3798-3800	Do	VBP	do	_	_	_	
53-2	3801-3804	you	PRP	you	_	_	_	
53-3	3805-3815	understand	VB	understand	_	_	_	
53-4	3816-3817	?	.	?	_	_	_	
53-5	3818-3820	``	''	``	_	_	_	
53-6	3821-3831	Cinderella	NNP	Cinderella	_	_	_	
53-7	3832-3838	smiled	VBD	smile	_	_	_	
53-8	3839-3842	and	CC	and	_	_	_	
53-9	3843-3847	said	VBD	say	_	_	_	
53-10	3848-3849	,	,	,	_	_	_	
53-11	3850-3852	``	``	``	_	_	_	
53-12	3853-3856	Yes	UH	yes	_	_	_	
53-13	3857-3858	,	,	,	_	_	_	
53-14	3859-3860	I	PRP	I	_	_	_	
53-15	3861-3871	understand	VBP	understand	_	_	_	
53-16	3872-3873	!	.	!	_	_	_	
53-17	3874-3876	``	''	``	_	_	_	

#Text=When Cinderella entered the ballroom at the palace , a hush fell .
54-1	3877-3881	When	WRB	when	_	_	_	
54-2	3882-3892	Cinderella	NNP	Cinderella	_	_	_	
54-3	3893-3900	entered	VBD	enter	_	_	_	
54-4	3901-3904	the	DT	the	_	_	_	
54-5	3905-3913	ballroom	NN	ballroom	_	_	_	
54-6	3914-3916	at	IN	at	_	_	_	
54-7	3917-3920	the	DT	the	_	_	_	
54-8	3921-3927	palace	NN	palace	_	_	_	
54-9	3928-3929	,	,	,	_	_	_	
54-10	3930-3931	a	DT	a	_	_	_	
54-11	3932-3936	hush	NN	hush	_	_	_	
54-12	3937-3941	fell	VBD	fall	_	_	_	
54-13	3942-3943	.	.	.	_	_	_	

#Text=Everyone stopped in mid-sentence to admire her elegance , her beauty and grace .
55-1	3944-3952	Everyone	NN	everyone	_	_	_	
55-2	3953-3960	stopped	VBD	stop	_	_	_	
55-3	3961-3963	in	IN	in	_	_	_	
55-4	3964-3976	mid-sentence	NN	mid-sentence	_	_	_	
55-5	3977-3979	to	TO	to	_	_	_	
55-6	3980-3986	admire	VB	admire	_	_	_	
55-7	3987-3990	her	PRP$	she	_	_	_	
55-8	3991-3999	elegance	NN	elegance	_	_	_	
55-9	4000-4001	,	,	,	_	_	_	
55-10	4002-4005	her	PRP$	she	_	_	_	
55-11	4006-4012	beauty	NN	beauty	_	_	_	
55-12	4013-4016	and	CC	and	_	_	_	
55-13	4017-4022	grace	NN	grace	_	_	_	
55-14	4023-4024	.	.	.	_	_	_	

#Text=`` Who can that be ? `` people asked each other .
56-1	4025-4027	``	``	``	_	_	_	
56-2	4028-4031	Who	WP	who	_	_	_	
56-3	4032-4035	can	MD	can	_	_	_	
56-4	4036-4040	that	DT	that	_	_	_	
56-5	4041-4043	be	VB	be	_	_	_	
56-6	4044-4045	?	.	?	_	_	_	
56-7	4046-4048	``	''	``	_	_	_	
56-8	4049-4055	people	NNS	people	_	_	_	
56-9	4056-4061	asked	VBD	ask	_	_	_	
56-10	4062-4066	each	DT	each	_	_	_	
56-11	4067-4072	other	JJ	other	_	_	_	
56-12	4073-4074	.	.	.	_	_	_	

#Text=The two stepsisters also wondered who the newcomer was , for never in a month of Sundays , would they ever have guessed that the beautiful girl was really poor Cinderella who talked to the cat !
57-1	4075-4078	The	DT	the	_	_	_	
57-2	4079-4082	two	CD	two	_	_	_	
57-3	4083-4094	stepsisters	NNS	stepsister	_	_	_	
57-4	4095-4099	also	RB	also	_	_	_	
57-5	4100-4108	wondered	VBD	wonder	_	_	_	
57-6	4109-4112	who	WP	who	_	_	_	
57-7	4113-4116	the	DT	the	_	_	_	
57-8	4117-4125	newcomer	NN	newcomer	_	_	_	
57-9	4126-4129	was	VBD	be	_	_	_	
57-10	4130-4131	,	,	,	_	_	_	
57-11	4132-4135	for	IN	for	_	_	_	
57-12	4136-4141	never	RB	never	_	_	_	
57-13	4142-4144	in	IN	in	_	_	_	
57-14	4145-4146	a	DT	a	_	_	_	
57-15	4147-4152	month	NN	month	_	_	_	
57-16	4153-4155	of	IN	of	_	_	_	
57-17	4156-4163	Sundays	NNP	Sundays	_	_	_	
57-18	4164-4165	,	,	,	_	_	_	
57-19	4166-4171	would	MD	would	_	_	_	
57-20	4172-4176	they	PRP	they	_	_	_	
57-21	4177-4181	ever	RB	ever	_	_	_	
57-22	4182-4186	have	VB	have	_	_	_	
57-23	4187-4194	guessed	VBD	guess	_	_	_	
57-24	4195-4199	that	IN	that	_	_	_	
57-25	4200-4203	the	DT	the	_	_	_	
57-26	4204-4213	beautiful	JJ	beautiful	_	_	_	
57-27	4214-4218	girl	NN	girl	_	_	_	
57-28	4219-4222	was	VBD	be	_	_	_	
57-29	4223-4229	really	RB	really	_	_	_	
57-30	4230-4234	poor	JJ	poor	_	_	_	
57-31	4235-4245	Cinderella	NNP	Cinderella	_	_	_	
57-32	4246-4249	who	WP	who	_	_	_	
57-33	4250-4256	talked	VBD	talk	_	_	_	
57-34	4257-4259	to	TO	to	_	_	_	
57-35	4260-4263	the	DT	the	_	_	_	
57-36	4264-4267	cat	NN	cat	_	_	_	
57-37	4268-4269	!	.	!	_	_	_	

#Text=When the prince set eyes on Cinderella , he was struck by her beauty .
58-1	4270-4274	When	WRB	when	_	_	_	
58-2	4275-4278	the	DT	the	_	_	_	
58-3	4279-4285	prince	NN	prince	_	_	_	
58-4	4286-4289	set	VBD	set	_	_	_	
58-5	4290-4294	eyes	NNS	eye	_	_	_	
58-6	4295-4297	on	IN	on	_	_	_	
58-7	4298-4308	Cinderella	NNP	Cinderella	_	_	_	
58-8	4309-4310	,	,	,	_	_	_	
58-9	4311-4313	he	PRP	he	_	_	_	
58-10	4314-4317	was	VBD	be	_	_	_	
58-11	4318-4324	struck	VBN	strike	_	_	_	
58-12	4325-4327	by	IN	by	_	_	_	
58-13	4328-4331	her	PRP$	she	_	_	_	
58-14	4332-4338	beauty	NN	beauty	_	_	_	
58-15	4339-4340	.	.	.	_	_	_	

#Text=Walking over to her , he bowed deeply and asked her to dance .
59-1	4341-4348	Walking	VBG	walk	_	_	_	
59-2	4349-4353	over	RP	over	_	_	_	
59-3	4354-4356	to	TO	to	_	_	_	
59-4	4357-4360	her	PRP	she	_	_	_	
59-5	4361-4362	,	,	,	_	_	_	
59-6	4363-4365	he	PRP	he	_	_	_	
59-7	4366-4371	bowed	VBD	bow	_	_	_	
59-8	4372-4378	deeply	RB	deeply	_	_	_	
59-9	4379-4382	and	CC	and	_	_	_	
59-10	4383-4388	asked	VBD	ask	_	_	_	
59-11	4389-4392	her	PRP	she	_	_	_	
59-12	4393-4395	to	TO	to	_	_	_	
59-13	4396-4401	dance	NN	dance	_	_	_	
59-14	4402-4403	.	.	.	_	_	_	

#Text=And to the great disappointment of all the young ladies , he danced with Cinderella all evening .
60-1	4404-4407	And	CC	and	_	_	_	
60-2	4408-4410	to	IN	to	_	_	_	
60-3	4411-4414	the	DT	the	_	_	_	
60-4	4415-4420	great	JJ	great	_	_	_	
60-5	4421-4435	disappointment	NN	disappointment	_	_	_	
60-6	4436-4438	of	IN	of	_	_	_	
60-7	4439-4442	all	PDT	all	_	_	_	
60-8	4443-4446	the	DT	the	_	_	_	
60-9	4447-4452	young	JJ	young	_	_	_	
60-10	4453-4459	ladies	NNS	lady	_	_	_	
60-11	4460-4461	,	,	,	_	_	_	
60-12	4462-4464	he	PRP	he	_	_	_	
60-13	4465-4471	danced	VBN	dance	_	_	_	
60-14	4472-4476	with	IN	with	_	_	_	
60-15	4477-4487	Cinderella	NNP	Cinderella	_	_	_	
60-16	4488-4491	all	DT	all	_	_	_	
60-17	4492-4499	evening	NN	evening	_	_	_	
60-18	4500-4501	.	.	.	_	_	_	

#Text=`` Who are you , fair maiden ? `` the Prince kept asking her .
61-1	4502-4504	``	``	``	_	_	_	
61-2	4505-4508	Who	WP	who	_	_	_	
61-3	4509-4512	are	VBP	be	_	_	_	
61-4	4513-4516	you	PRP	you	_	_	_	
61-5	4517-4518	,	,	,	_	_	_	
61-6	4519-4523	fair	JJ	fair	_	_	_	
61-7	4524-4530	maiden	NN	maiden	_	_	_	
61-8	4531-4532	?	.	?	_	_	_	
61-9	4533-4535	``	''	``	_	_	_	
61-10	4536-4539	the	DT	the	_	_	_	
61-11	4540-4546	Prince	NNP	Prince	_	_	_	
61-12	4547-4551	kept	VBD	keep	_	_	_	
61-13	4552-4558	asking	VBG	ask	_	_	_	
61-14	4559-4562	her	PRP	she	_	_	_	
61-15	4563-4564	.	.	.	_	_	_	

#Text=But Cinderella only replied : `` What does it matter who I am !
62-1	4565-4568	But	CC	but	_	_	_	
62-2	4569-4579	Cinderella	NNP	Cinderella	_	_	_	
62-3	4580-4584	only	RB	only	_	_	_	
62-4	4585-4592	replied	VBD	reply	_	_	_	
62-5	4593-4594	:	:	:	_	_	_	
62-6	4595-4597	``	``	``	_	_	_	
62-7	4598-4602	What	WP	what	_	_	_	
62-8	4603-4607	does	VBZ	do	_	_	_	
62-9	4608-4610	it	PRP	it	_	_	_	
62-10	4611-4617	matter	VB	matter	_	_	_	
62-11	4618-4621	who	WP	who	_	_	_	
62-12	4622-4623	I	PRP	I	_	_	_	
62-13	4624-4626	am	VBP	be	_	_	_	
62-14	4627-4628	!	.	!	_	_	_	

#Text=You will never see me again anyway . ``
63-1	4629-4632	You	PRP	you	_	_	_	
63-2	4633-4637	will	MD	will	_	_	_	
63-3	4638-4643	never	RB	never	_	_	_	
63-4	4644-4647	see	VB	see	_	_	_	
63-5	4648-4650	me	PRP	I	_	_	_	
63-6	4651-4656	again	RB	again	_	_	_	
63-7	4657-4663	anyway	RB	anyway	_	_	_	
63-8	4664-4665	.	.	.	_	_	_	
63-9	4666-4668	``	''	``	_	_	_	

#Text=`` Oh , but I shall , I 'm quite certain ! `` he replied .
64-1	4669-4671	``	``	``	_	_	_	
64-2	4672-4674	Oh	UH	oh	_	_	_	
64-3	4675-4676	,	,	,	_	_	_	
64-4	4677-4680	but	CC	but	_	_	_	
64-5	4681-4682	I	PRP	I	_	_	_	
64-6	4683-4688	shall	MD	shall	_	_	_	
64-7	4689-4690	,	,	,	_	_	_	
64-8	4691-4692	I	PRP	I	_	_	_	
64-9	4693-4695	'm	VBP	be	_	_	_	
64-10	4696-4701	quite	RB	quite	_	_	_	
64-11	4702-4709	certain	JJ	certain	_	_	_	
64-12	4710-4711	!	.	!	_	_	_	
64-13	4712-4714	``	''	``	_	_	_	
64-14	4715-4717	he	PRP	he	_	_	_	
64-15	4718-4725	replied	VBD	reply	_	_	_	
64-16	4726-4727	.	.	.	_	_	_	

#Text=Cinderella had a wonderful time at the ball ... But , all of a sudden , she heard the sound of a clock : the first stroke of midnight !
65-1	4728-4738	Cinderella	NNP	Cinderella	_	_	_	
65-2	4739-4742	had	VBD	have	_	_	_	
65-3	4743-4744	a	DT	a	_	_	_	
65-4	4745-4754	wonderful	JJ	wonderful	_	_	_	
65-5	4755-4759	time	NN	time	_	_	_	
65-6	4760-4762	at	IN	at	_	_	_	
65-7	4763-4766	the	DT	the	_	_	_	
65-8	4767-4771	ball	NN	ball	_	_	_	
65-9	4772-4775	...	:	...	_	_	_	
65-10	4776-4779	But	CC	but	_	_	_	
65-11	4780-4781	,	,	,	_	_	_	
65-12	4782-4785	all	DT	all	_	_	_	
65-13	4786-4788	of	IN	of	_	_	_	
65-14	4789-4790	a	DT	a	_	_	_	
65-15	4791-4797	sudden	JJ	sudden	_	_	_	
65-16	4798-4799	,	,	,	_	_	_	
65-17	4800-4803	she	PRP	she	_	_	_	
65-18	4804-4809	heard	VBD	hear	_	_	_	
65-19	4810-4813	the	DT	the	_	_	_	
65-20	4814-4819	sound	NN	sound	_	_	_	
65-21	4820-4822	of	IN	of	_	_	_	
65-22	4823-4824	a	DT	a	_	_	_	
65-23	4825-4830	clock	NN	clock	_	_	_	
65-24	4831-4832	:	:	:	_	_	_	
65-25	4833-4836	the	DT	the	_	_	_	
65-26	4837-4842	first	JJ	first	_	_	_	
65-27	4843-4849	stroke	NN	stroke	_	_	_	
65-28	4850-4852	of	IN	of	_	_	_	
65-29	4853-4861	midnight	NN	midnight	_	_	_	
65-30	4862-4863	!	.	!	_	_	_	

#Text=She remembered what the fairy had said , and without a word of goobye she slipped from the Prince 's arms and ran down the steps .
66-1	4864-4867	She	PRP	she	_	_	_	
66-2	4868-4878	remembered	VBD	remember	_	_	_	
66-3	4879-4883	what	WP	what	_	_	_	
66-4	4884-4887	the	DT	the	_	_	_	
66-5	4888-4893	fairy	NN	fairy	_	_	_	
66-6	4894-4897	had	VBD	have	_	_	_	
66-7	4898-4902	said	VBN	say	_	_	_	
66-8	4903-4904	,	,	,	_	_	_	
66-9	4905-4908	and	CC	and	_	_	_	
66-10	4909-4916	without	IN	without	_	_	_	
66-11	4917-4918	a	DT	a	_	_	_	
66-12	4919-4923	word	NN	word	_	_	_	
66-13	4924-4926	of	IN	of	_	_	_	
66-14	4927-4933	goobye	NN	goobye	_	_	_	
66-15	4934-4937	she	PRP	she	_	_	_	
66-16	4938-4945	slipped	VBD	slip	_	_	_	
66-17	4946-4950	from	IN	from	_	_	_	
66-18	4951-4954	the	DT	the	_	_	_	
66-19	4955-4961	Prince	NNP	Prince	_	_	_	
66-20	4962-4964	's	POS	's	_	_	_	
66-21	4965-4969	arms	NNS	arm	_	_	_	
66-22	4970-4973	and	CC	and	_	_	_	
66-23	4974-4977	ran	VBD	run	_	_	_	
66-24	4978-4982	down	RP	down	_	_	_	
66-25	4983-4986	the	DT	the	_	_	_	
66-26	4987-4992	steps	NNS	step	_	_	_	
66-27	4993-4994	.	.	.	_	_	_	

#Text=As she ran she lost one of her slippers , but not for a moment did she dream of stopping to pick it up !
67-1	4995-4997	As	IN	as	_	_	_	
67-2	4998-5001	she	PRP	she	_	_	_	
67-3	5002-5005	ran	VBD	run	_	_	_	
67-4	5006-5009	she	PRP	she	_	_	_	
67-5	5010-5014	lost	VBD	lose	_	_	_	
67-6	5015-5018	one	CD	one	_	_	_	
67-7	5019-5021	of	IN	of	_	_	_	
67-8	5022-5025	her	PRP$	she	_	_	_	
67-9	5026-5034	slippers	NNS	slipper	_	_	_	
67-10	5035-5036	,	,	,	_	_	_	
67-11	5037-5040	but	CC	but	_	_	_	
67-12	5041-5044	not	RB	not	_	_	_	
67-13	5045-5048	for	IN	for	_	_	_	
67-14	5049-5050	a	DT	a	_	_	_	
67-15	5051-5057	moment	NN	moment	_	_	_	
67-16	5058-5061	did	VBD	do	_	_	_	
67-17	5062-5065	she	PRP	she	_	_	_	
67-18	5066-5071	dream	NN	dream	_	_	_	
67-19	5072-5074	of	IN	of	_	_	_	
67-20	5075-5083	stopping	VBG	stop	_	_	_	
67-21	5084-5086	to	TO	to	_	_	_	
67-22	5087-5091	pick	VB	pick	_	_	_	
67-23	5092-5094	it	PRP	it	_	_	_	
67-24	5095-5097	up	RP	up	_	_	_	
67-25	5098-5099	!	.	!	_	_	_	

#Text=If the last stroke of midnight were to sound ... oh ... what a disaster that would be !
68-1	5100-5102	If	IN	if	_	_	_	
68-2	5103-5106	the	DT	the	_	_	_	
68-3	5107-5111	last	JJ	last	_	_	_	
68-4	5112-5118	stroke	NN	stroke	_	_	_	
68-5	5119-5121	of	IN	of	_	_	_	
68-6	5122-5130	midnight	NN	midnight	_	_	_	
68-7	5131-5135	were	VBD	be	_	_	_	
68-8	5136-5138	to	TO	to	_	_	_	
68-9	5139-5144	sound	VB	sound	_	_	_	
68-10	5145-5148	...	:	...	_	_	_	
68-11	5149-5151	oh	UH	oh	_	_	_	
68-12	5152-5155	...	:	...	_	_	_	
68-13	5156-5160	what	WP	what	_	_	_	
68-14	5161-5162	a	DT	a	_	_	_	
68-15	5163-5171	disaster	NN	disaster	_	_	_	
68-16	5172-5176	that	WDT	that	_	_	_	
68-17	5177-5182	would	MD	would	_	_	_	
68-18	5183-5185	be	VB	be	_	_	_	
68-19	5186-5187	!	.	!	_	_	_	

#Text=Out she fled and vanished into the night .
69-1	5188-5191	Out	IN	out	_	_	_	
69-2	5192-5195	she	PRP	she	_	_	_	
69-3	5196-5200	fled	VBD	flee	_	_	_	
69-4	5201-5204	and	CC	and	_	_	_	
69-5	5205-5213	vanished	VBN	vanish	_	_	_	
69-6	5214-5218	into	IN	into	_	_	_	
69-7	5219-5222	the	DT	the	_	_	_	
69-8	5223-5228	night	NN	night	_	_	_	
69-9	5229-5230	.	.	.	_	_	_	

#Text=The Prince , who was now madly in love with her , picked up her slipper and said to his ministers , `` Go and search everywhere for the girl whose foot this slipper fits .
70-1	5231-5234	The	DT	the	_	_	_	
70-2	5235-5241	Prince	NNP	Prince	_	_	_	
70-3	5242-5243	,	,	,	_	_	_	
70-4	5244-5247	who	WP	who	_	_	_	
70-5	5248-5251	was	VBD	be	_	_	_	
70-6	5252-5255	now	RB	now	_	_	_	
70-7	5256-5261	madly	RB	madly	_	_	_	
70-8	5262-5264	in	IN	in	_	_	_	
70-9	5265-5269	love	NN	love	_	_	_	
70-10	5270-5274	with	IN	with	_	_	_	
70-11	5275-5278	her	PRP	she	_	_	_	
70-12	5279-5280	,	,	,	_	_	_	
70-13	5281-5287	picked	VBD	pick	_	_	_	
70-14	5288-5290	up	RP	up	_	_	_	
70-15	5291-5294	her	PRP$	she	_	_	_	
70-16	5295-5302	slipper	NN	slipper	_	_	_	
70-17	5303-5306	and	CC	and	_	_	_	
70-18	5307-5311	said	VBD	say	_	_	_	
70-19	5312-5314	to	TO	to	_	_	_	
70-20	5315-5318	his	PRP$	he	_	_	_	
70-21	5319-5328	ministers	NNS	minister	_	_	_	
70-22	5329-5330	,	,	,	_	_	_	
70-23	5331-5333	``	``	``	_	_	_	
70-24	5334-5336	Go	VB	go	_	_	_	
70-25	5337-5340	and	CC	and	_	_	_	
70-26	5341-5347	search	VB	search	_	_	_	
70-27	5348-5358	everywhere	RB	everywhere	_	_	_	
70-28	5359-5362	for	IN	for	_	_	_	
70-29	5363-5366	the	DT	the	_	_	_	
70-30	5367-5371	girl	NN	girl	_	_	_	
70-31	5372-5377	whose	WP$	whose	_	_	_	
70-32	5378-5382	foot	NN	foot	_	_	_	
70-33	5383-5387	this	DT	this	_	_	_	
70-34	5388-5395	slipper	NN	slipper	_	_	_	
70-35	5396-5400	fits	VBZ	fit	_	_	_	
70-36	5401-5402	.	.	.	_	_	_	

#Text=I will never be content until I find her ! ``
71-1	5403-5404	I	PRP	I	_	_	_	
71-2	5405-5409	will	MD	will	_	_	_	
71-3	5410-5415	never	RB	never	_	_	_	
71-4	5416-5418	be	VB	be	_	_	_	
71-5	5419-5426	content	JJ	content	_	_	_	
71-6	5427-5432	until	IN	until	_	_	_	
71-7	5433-5434	I	PRP	I	_	_	_	
71-8	5435-5439	find	VBP	find	_	_	_	
71-9	5440-5443	her	PRP	she	_	_	_	
71-10	5444-5445	!	.	!	_	_	_	
71-11	5446-5448	``	''	``	_	_	_	

#Text=So the ministers tried the slipper on the foot of all the girls ... and on Cinderella 's foot as well ... Surprise !
72-1	5449-5451	So	RB	so	_	_	_	
72-2	5452-5455	the	DT	the	_	_	_	
72-3	5456-5465	ministers	NNS	minister	_	_	_	
72-4	5466-5471	tried	VBD	try	_	_	_	
72-5	5472-5475	the	DT	the	_	_	_	
72-6	5476-5483	slipper	NN	slipper	_	_	_	
72-7	5484-5486	on	IN	on	_	_	_	
72-8	5487-5490	the	DT	the	_	_	_	
72-9	5491-5495	foot	NN	foot	_	_	_	
72-10	5496-5498	of	IN	of	_	_	_	
72-11	5499-5502	all	PDT	all	_	_	_	
72-12	5503-5506	the	DT	the	_	_	_	
72-13	5507-5512	girls	NNS	girl	_	_	_	
72-14	5513-5516	...	:	...	_	_	_	
72-15	5517-5520	and	CC	and	_	_	_	
72-16	5521-5523	on	IN	on	_	_	_	
72-17	5524-5534	Cinderella	NNP	Cinderella	_	_	_	
72-18	5535-5537	's	POS	's	_	_	_	
72-19	5538-5542	foot	NN	foot	_	_	_	
72-20	5543-5545	as	RB	as	_	_	_	
72-21	5546-5550	well	RB	well	_	_	_	
72-22	5551-5554	...	:	...	_	_	_	
72-23	5555-5563	Surprise	NNP	Surprise	_	_	_	
72-24	5564-5565	!	.	!	_	_	_	

#Text=The slipper fitted perfectly .
73-1	5566-5569	The	DT	the	_	_	_	
73-2	5570-5577	slipper	NN	slipper	_	_	_	
73-3	5578-5584	fitted	VBD	fit	_	_	_	
73-4	5585-5594	perfectly	RB	perfectly	_	_	_	
73-5	5595-5596	.	.	.	_	_	_	

#Text=`` That awful untidy girl simply cannot have been at the ball , `` snapped the stepmother .
74-1	5597-5599	``	``	``	_	_	_	
74-2	5600-5604	That	DT	that	_	_	_	
74-3	5605-5610	awful	JJ	awful	_	_	_	
74-4	5611-5617	untidy	JJ	untidy	_	_	_	
74-5	5618-5622	girl	NN	girl	_	_	_	
74-6	5623-5629	simply	RB	simply	_	_	_	
74-7	5630-5636	cannot	JJ	cannot	_	_	_	
74-8	5637-5641	have	VBP	have	_	_	_	
74-9	5642-5646	been	VBN	be	_	_	_	
74-10	5647-5649	at	IN	at	_	_	_	
74-11	5650-5653	the	DT	the	_	_	_	
74-12	5654-5658	ball	NN	ball	_	_	_	
74-13	5659-5660	,	,	,	_	_	_	
74-14	5661-5663	``	''	``	_	_	_	
74-15	5664-5671	snapped	VBD	snap	_	_	_	
74-16	5672-5675	the	DT	the	_	_	_	
74-17	5676-5686	stepmother	NN	stepmother	_	_	_	
74-18	5687-5688	.	.	.	_	_	_	

#Text=`` Tell the Prince he ought to marry one of my two daughters !
75-1	5689-5691	``	``	``	_	_	_	
75-2	5692-5696	Tell	VB	tell	_	_	_	
75-3	5697-5700	the	DT	the	_	_	_	
75-4	5701-5707	Prince	NNP	Prince	_	_	_	
75-5	5708-5710	he	PRP	he	_	_	_	
75-6	5711-5716	ought	MD	ought	_	_	_	
75-7	5717-5719	to	TO	to	_	_	_	
75-8	5720-5725	marry	VB	marry	_	_	_	
75-9	5726-5729	one	CD	one	_	_	_	
75-10	5730-5732	of	IN	of	_	_	_	
75-11	5733-5735	my	PRP$	my	_	_	_	
75-12	5736-5739	two	CD	two	_	_	_	
75-13	5740-5749	daughters	NNS	daughter	_	_	_	
75-14	5750-5751	!	.	!	_	_	_	

#Text=Can't you see how ugly Cinderella is ! Can't you see ? `` Suddenly she broke off , for the fairy had appeared .
76-1	5752-5757	Can't	NNP	Can't	_	_	_	
76-2	5758-5761	you	PRP	you	_	_	_	
76-3	5762-5765	see	VBP	see	_	_	_	
76-4	5766-5769	how	WRB	how	_	_	_	
76-5	5770-5774	ugly	JJ	ugly	_	_	_	
76-6	5775-5785	Cinderella	NNP	Cinderella	_	_	_	
76-7	5786-5788	is	VBZ	be	_	_	_	
76-8	5789-5790	!	.	!	_	_	_	
76-9	5791-5796	Can't	NNP	Can't	_	_	_	
76-10	5797-5800	you	PRP	you	_	_	_	
76-11	5801-5804	see	VBP	see	_	_	_	
76-12	5805-5806	?	.	?	_	_	_	
76-13	5807-5809	``	``	``	_	_	_	
76-14	5810-5818	Suddenly	RB	suddenly	_	_	_	
76-15	5819-5822	she	PRP	she	_	_	_	
76-16	5823-5828	broke	VBD	break	_	_	_	
76-17	5829-5832	off	RP	off	_	_	_	
76-18	5833-5834	,	,	,	_	_	_	
76-19	5835-5838	for	IN	for	_	_	_	
76-20	5839-5842	the	DT	the	_	_	_	
76-21	5843-5848	fairy	NN	fairy	_	_	_	
76-22	5849-5852	had	VBD	have	_	_	_	
76-23	5853-5861	appeared	VBN	appear	_	_	_	
76-24	5862-5863	.	.	.	_	_	_	

#Text=`` That 's enough ! `` she exclaimed , raising her magic wand .
77-1	5864-5866	``	``	``	_	_	_	
77-2	5867-5871	That	DT	that	_	_	_	
77-3	5872-5874	's	VBZ	be	_	_	_	
77-4	5875-5881	enough	JJ	enough	_	_	_	
77-5	5882-5883	!	.	!	_	_	_	
77-6	5884-5886	``	''	``	_	_	_	
77-7	5887-5890	she	PRP	she	_	_	_	
77-8	5891-5900	exclaimed	VBD	exclaim	_	_	_	
77-9	5901-5902	,	,	,	_	_	_	
77-10	5903-5910	raising	VBG	raise	_	_	_	
77-11	5911-5914	her	PRP$	she	_	_	_	
77-12	5915-5920	magic	JJ	magic	_	_	_	
77-13	5921-5925	wand	NN	wand	_	_	_	
77-14	5926-5927	.	.	.	_	_	_	

#Text=In a flash , Cinderella appeared in a splendid dress ,shining with youth and beauty .
78-1	5928-5930	In	IN	in	_	_	_	
78-2	5931-5932	a	DT	a	_	_	_	
78-3	5933-5938	flash	NN	flash	_	_	_	
78-4	5939-5940	,	,	,	_	_	_	
78-5	5941-5951	Cinderella	NNP	Cinderella	_	_	_	
78-6	5952-5960	appeared	VBD	appear	_	_	_	
78-7	5961-5963	in	IN	in	_	_	_	
78-8	5964-5965	a	DT	a	_	_	_	
78-9	5966-5974	splendid	JJ	splendid	_	_	_	
78-10	5975-5980	dress	NN	dress	_	_	_	
78-11	5981-5989	,shining	VBG	,shining	_	_	_	
78-12	5990-5994	with	IN	with	_	_	_	
78-13	5995-6000	youth	NN	youth	_	_	_	
78-14	6001-6004	and	CC	and	_	_	_	
78-15	6005-6011	beauty	NN	beauty	_	_	_	
78-16	6012-6013	.	.	.	_	_	_	

#Text=Her stepmother and stepsisters gaped at her in amazement , and the ministers said , `` Come with us , fair maiden !
79-1	6014-6017	Her	PRP$	she	_	_	_	
79-2	6018-6028	stepmother	NN	stepmother	_	_	_	
79-3	6029-6032	and	CC	and	_	_	_	
79-4	6033-6044	stepsisters	NNS	stepsister	_	_	_	
79-5	6045-6050	gaped	VBN	gape	_	_	_	
79-6	6051-6053	at	IN	at	_	_	_	
79-7	6054-6057	her	PRP	she	_	_	_	
79-8	6058-6060	in	IN	in	_	_	_	
79-9	6061-6070	amazement	NN	amazement	_	_	_	
79-10	6071-6072	,	,	,	_	_	_	
79-11	6073-6076	and	CC	and	_	_	_	
79-12	6077-6080	the	DT	the	_	_	_	
79-13	6081-6090	ministers	NNS	minister	_	_	_	
79-14	6091-6095	said	VBD	say	_	_	_	
79-15	6096-6097	,	,	,	_	_	_	
79-16	6098-6100	``	``	``	_	_	_	
79-17	6101-6105	Come	VB	come	_	_	_	
79-18	6106-6110	with	IN	with	_	_	_	
79-19	6111-6113	us	PRP	we	_	_	_	
79-20	6114-6115	,	,	,	_	_	_	
79-21	6116-6120	fair	JJ	fair	_	_	_	
79-22	6121-6127	maiden	NN	maiden	_	_	_	
79-23	6128-6129	!	.	!	_	_	_	

#Text=The Prince awaits to present you with his engagement ring ! ``
80-1	6130-6133	The	DT	the	_	_	_	
80-2	6134-6140	Prince	NNP	Prince	_	_	_	
80-3	6141-6147	awaits	VBZ	await	_	_	_	
80-4	6148-6150	to	TO	to	_	_	_	
80-5	6151-6158	present	VB	present	_	_	_	
80-6	6159-6162	you	PRP	you	_	_	_	
80-7	6163-6167	with	IN	with	_	_	_	
80-8	6168-6171	his	PRP$	he	_	_	_	
80-9	6172-6182	engagement	JJ	engagement	_	_	_	
80-10	6183-6187	ring	NN	ring	_	_	_	
80-11	6188-6189	!	.	!	_	_	_	
80-12	6190-6192	``	''	``	_	_	_	

#Text=So Cinderella joyfully went with them , and lived happily ever after with her Prince .
81-1	6193-6195	So	RB	so	_	_	_	
81-2	6196-6206	Cinderella	NNP	Cinderella	_	_	_	
81-3	6207-6215	joyfully	RB	joyfully	_	_	_	
81-4	6216-6220	went	VBD	go	_	_	_	
81-5	6221-6225	with	IN	with	_	_	_	
81-6	6226-6230	them	PRP	they	_	_	_	
81-7	6231-6232	,	,	,	_	_	_	
81-8	6233-6236	and	CC	and	_	_	_	
81-9	6237-6242	lived	VBD	live	_	_	_	
81-10	6243-6250	happily	RB	happily	_	_	_	
81-11	6251-6255	ever	RB	ever	_	_	_	
81-12	6256-6261	after	IN	after	_	_	_	
81-13	6262-6266	with	IN	with	_	_	_	
81-14	6267-6270	her	PRP$	she	_	_	_	
81-15	6271-6277	Prince	NN	prince	_	_	_	
81-16	6278-6279	.	.	.	_	_	_	

#Text= And as for the cat , he just said `` Miaow`` ! .
82-1	6280-6283	And	CC	and	_	_	_	
82-2	6284-6286	as	IN	as	_	_	_	
82-3	6287-6290	for	IN	for	_	_	_	
82-4	6291-6294	the	DT	the	_	_	_	
82-5	6295-6298	cat	NN	cat	_	_	_	
82-6	6299-6300	,	,	,	_	_	_	
82-7	6301-6303	he	PRP	he	_	_	_	
82-8	6304-6308	just	RB	just	_	_	_	
82-9	6309-6313	said	VBD	say	_	_	_	
82-10	6314-6316	``	``	``	_	_	_	
82-11	6317-6324	Miaow``	NNP	Miaow``	_	_	_	
82-12	6325-6326	!	.	!	_	_	_	
82-13	6327-6328	.	.	.	_	_	_	
