#FORMAT=WebAnno TSV 3.1
#T_SP=de.tudarmstadt.ukp.dkpro.core.api.lexmorph.type.pos.POS|PosValue
#T_SP=de.tudarmstadt.ukp.dkpro.core.api.segmentation.type.Lemma|value
#T_RL=de.tudarmstadt.ukp.dkpro.core.api.syntax.type.dependency.Dependency|DependencyType|flavor|BT_de.tudarmstadt.ukp.dkpro.core.api.lexmorph.type.pos.POS


#Text=Once upon a time ... there lived an unhappy young girl .
1-1	0-4	Once	IN	once	prep	*	1-7	
1-2	5-9	upon	IN	upon	pcomp	*	1-1	
1-3	10-11	a	DT	a	det	*	1-4	
1-4	12-16	time	NN	time	pobj	*	1-2	
1-5	17-20	...	:	...	\_	*	1-5	
1-6	21-26	there	EX	there	expl	*	1-7	
1-7	27-32	lived	VBD	live	\_	*	1-7	
1-8	33-35	an	DT	a	det	*	1-11	
1-9	36-43	unhappy	JJ	unhappy	amod	*	1-11	
1-10	44-49	young	JJ	young	amod	*	1-11	
1-11	50-54	girl	NN	girl	dobj	*	1-7	
1-12	55-56	.	.	.	\_	*	1-12	

#Text=Unhappy she was , for her mother was dead , her father had married another woman , a widow with two daughters , and her stepmother did n't like her one little bit .
2-1	57-64	Unhappy	RB	unhappy	advmod	*	2-3	
2-2	65-68	she	PRP	she	nsubj	*	2-3	
2-3	69-72	was	VBD	be	\_	*	2-3	
2-4	73-74	,	,	,	\_	*	2-4	
2-5	75-78	for	IN	for	dep	*	2-3	
2-6	79-82	her	PRP$	she	poss	*	2-7	
2-7	83-89	mother	NN	mother	nsubj	*	2-9	
2-8	90-93	was	VBD	be	cop	*	2-9	
2-9	94-98	dead	JJ	dead	dep	*	2-3	
2-10	99-100	,	,	,	\_	*	2-10	
2-11	101-104	her	PRP$	she	poss	*	2-12	
2-12	105-111	father	NN	father	nsubj	*	2-14	
2-13	112-115	had	VBD	have	aux	*	2-14	
2-14	116-123	married	VBN	marry	dep	*	2-3	
2-15	124-131	another	DT	another	det	*	2-16	
2-16	132-137	woman	NN	woman	dobj	*	2-14	
2-17	138-139	,	,	,	\_	*	2-17	
2-18	140-141	a	DT	a	det	*	2-19	
2-19	142-147	widow	NN	widow	appos	*	2-16	
2-20	148-152	with	IN	with	prep	*	2-19	
2-21	153-156	two	CD	two	num	*	2-22	
2-22	157-166	daughters	NNS	daughter	pobj	*	2-20	
2-23	167-168	,	,	,	\_	*	2-23	
2-24	169-172	and	CC	and	cc	*	2-3	
2-25	173-176	her	PRP$	she	poss	*	2-26	
2-26	177-187	stepmother	NN	stepmother	nsubj	*	2-27	
2-27	188-191	did	VBD	do	conj	*	2-3	
2-28	192-195	n't	RB	not	neg	*	2-27	
2-29	196-200	like	IN	like	prep	*	2-27	
2-30	201-204	her	PRP$	she	poss	*	2-33	
2-31	205-208	one	CD	one	num	*	2-33	
2-32	209-215	little	JJ	little	amod	*	2-33	
2-33	216-219	bit	NN	bit	pobj	*	2-29	
2-34	220-221	.	.	.	\_	*	2-34	

#Text=All the nice things , kind thoughts and loving touches were for her own daughters .
3-1	222-225	All	PDT	all	predet	*	3-4	
3-2	226-229	the	DT	the	det	*	3-4	
3-3	230-234	nice	JJ	nice	amod	*	3-4	
3-4	235-241	things	NNS	thing	nsubj	*	3-11	
3-5	242-243	,	,	,	\_	*	3-5	
3-6	244-248	kind	NN	kind	nn	*	3-7	
3-7	249-257	thoughts	NNS	thought	conj	*	3-4	
3-8	258-261	and	CC	and	cc	*	3-4	
3-9	262-268	loving	VBG	love	amod	*	3-10	
3-10	269-276	touches	NNS	touch	conj	*	3-4	
3-11	277-281	were	VBD	be	\_	*	3-11	
3-12	282-285	for	IN	for	prep	*	3-11	
3-13	286-289	her	PRP$	she	poss	*	3-15	
3-14	290-293	own	JJ	own	amod	*	3-15	
3-15	294-303	daughters	NNS	daughter	pobj	*	3-12	
3-16	304-305	.	.	.	\_	*	3-16	

#Text=And not just the kind thoughts and love , but also dresses , shoes , shawls , delicious food , comfy beds , as well as every home comfort .
4-1	306-309	And	CC	and	cc	*	4-6	
4-2	310-313	not	RB	not	dep	*	4-3	
4-3	314-318	just	RB	just	dep	*	4-6	
4-4	319-322	the	DT	the	det	*	4-6	
4-5	323-327	kind	NN	kind	nn	*	4-6	
4-6	328-336	thoughts	NNS	thought	\_	*	4-6	
4-7	337-340	and	CC	and	cc	*	4-6	
4-8	341-345	love	NN	love	conj	*	4-6	
4-9	346-347	,	,	,	\_	*	4-9	
4-10	348-351	but	CC	but	cc	*	4-11	
4-11	352-356	also	RB	also	cc	*	4-12	
4-12	357-364	dresses	NNS	dress	appos	*	4-6	
4-13	365-366	,	,	,	\_	*	4-13	
4-14	367-372	shoes	NNS	shoe	appos	*	4-12	
4-15	373-374	,	,	,	\_	*	4-15	
4-16	375-381	shawls	NNS	shawl	appos	*	4-12	
4-17	382-383	,	,	,	\_	*	4-17	
4-18	384-393	delicious	JJ	delicious	amod	*	4-19	
4-19	394-398	food	NN	food	appos	*	4-12	
4-20	399-400	,	,	,	\_	*	4-20	
4-21	401-406	comfy	JJ	comfy	amod	*	4-22	
4-22	407-411	beds	NNS	bed	appos	*	4-12	
4-23	412-413	,	,	,	\_	*	4-23	
4-24	414-416	as	RB	as	advmod	*	4-25	
4-25	417-421	well	RB	well	cc	*	4-12	
4-26	422-424	as	IN	as	mwe	*	4-25	
4-27	425-430	every	DT	every	det	*	4-29	
4-28	431-435	home	NN	home	nn	*	4-29	
4-29	436-443	comfort	NN	comfort	conj	*	4-12	
4-30	444-445	.	.	.	\_	*	4-30	

#Text=All this was laid on for her daughters .
5-1	446-449	All	PDT	all	predet	*	5-2	
5-2	450-454	this	DT	this	nsubjpass	*	5-4	
5-3	455-458	was	VBD	be	auxpass	*	5-4	
5-4	459-463	laid	VBN	lay	\_	*	5-4	
5-5	464-466	on	RP	on	prt	*	5-4	
5-6	467-470	for	IN	for	prep	*	5-4	
5-7	471-474	her	PRP$	she	poss	*	5-8	
5-8	475-484	daughters	NNS	daughter	pobj	*	5-6	
5-9	485-486	.	.	.	\_	*	5-9	

#Text=But , for the poor unhappy girl , there was nothing at all .
6-1	487-490	But	CC	but	cc	*	6-10	
6-2	491-492	,	,	,	\_	*	6-2	
6-3	493-496	for	IN	for	prep	*	6-10	
6-4	497-500	the	DT	the	det	*	6-7	
6-5	501-505	poor	JJ	poor	amod	*	6-7	
6-6	506-513	unhappy	JJ	unhappy	amod	*	6-7	
6-7	514-518	girl	NN	girl	pobj	*	6-3	
6-8	519-520	,	,	,	\_	*	6-8	
6-9	521-526	there	EX	there	expl	*	6-10	
6-10	527-530	was	VBD	be	\_	*	6-10	
6-11	531-538	nothing	NN	nothing	nsubj	*	6-10	
6-12	539-541	at	IN	at	prep	*	6-10	
6-13	542-545	all	DT	all	pobj	*	6-12	
6-14	546-547	.	.	.	\_	*	6-14	

#Text=No dresses , only her stepsisters ' hand-me-downs .
7-1	548-550	No	DT	no	det	*	7-2	
7-2	551-558	dresses	NNS	dress	\_	*	7-2	
7-3	559-560	,	,	,	\_	*	7-3	
7-4	561-565	only	RB	only	advmod	*	7-2	
7-5	566-569	her	PRP$	she	poss	*	7-6	
7-6	570-581	stepsisters	NNS	stepsister	poss	*	7-8	
7-7	582-583	'	POS	'	\_	*	7-7	
7-8	584-597	hand-me-downs	NNS	hand-me-downs	dep	*	7-2	
7-9	598-599	.	.	.	\_	*	7-9	

#Text=No lovely dishes , nothing but scraps .
8-1	600-602	No	DT	no	det	*	8-3	
8-2	603-609	lovely	JJ	lovely	amod	*	8-3	
8-3	610-616	dishes	NNS	dish	nsubj	*	8-7	
8-4	617-618	,	,	,	\_	*	8-4	
8-5	619-626	nothing	NN	nothing	appos	*	8-3	
8-6	627-630	but	CC	but	advmod	*	8-5	
8-7	631-637	scraps	VBZ	scrap	\_	*	8-7	
8-8	638-639	.	.	.	\_	*	8-8	

#Text=No nice rests and comfort .
9-1	640-642	No	DT	no	det	*	9-2	
9-2	643-647	nice	JJ	nice	nsubj	*	9-3	
9-3	648-653	rests	VBZ	rest	\_	*	9-3	
9-4	654-657	and	CC	and	cc	*	9-3	
9-5	658-665	comfort	NN	comfort	conj	*	9-3	
9-6	666-667	.	.	.	\_	*	9-6	

#Text=For she had to work hard all day , and only when evening came was she allowed to sit for a while by the fire , near the cinders .
10-1	668-671	For	IN	for	dep	*	10-3	
10-2	672-675	she	PRP	she	nsubj	*	10-3	
10-3	676-679	had	VBD	have	\_	*	10-3	
10-4	680-682	to	TO	to	aux	*	10-5	
10-5	683-687	work	VB	work	xcomp	*	10-3	
10-6	688-692	hard	JJ	hard	acomp	*	10-5	
10-7	693-696	all	DT	all	det	*	10-8	
10-8	697-700	day	NN	day	tmod	*	10-5	
10-9	701-702	,	,	,	\_	*	10-9	
10-10	703-706	and	CC	and	cc	*	10-3	
10-11	707-711	only	RB	only	advmod	*	10-12	
10-12	712-716	when	WRB	when	advmod	*	10-14	
10-13	717-724	evening	NN	evening	nsubj	*	10-14	
10-14	725-729	came	VBD	come	advcl	*	10-15	
10-15	730-733	was	VBD	be	conj	*	10-3	
10-16	734-737	she	PRP	she	nsubj	*	10-17	
10-17	738-745	allowed	VBN	allow	dep	*	10-15	
10-18	746-748	to	TO	to	aux	*	10-19	
10-19	749-752	sit	VB	sit	xcomp	*	10-17	
10-20	753-756	for	IN	for	prep	*	10-19	
10-21	757-758	a	DT	a	det	*	10-22	
10-22	759-764	while	NN	while	pobj	*	10-20	
10-23	765-767	by	IN	by	prep	*	10-19	
10-24	768-771	the	DT	the	det	*	10-25	
10-25	772-776	fire	NN	fire	pobj	*	10-23	
10-26	777-778	,	,	,	\_	*	10-26	
10-27	779-783	near	IN	near	prep	*	10-19	
10-28	784-787	the	DT	the	det	*	10-29	
10-29	788-795	cinders	NNS	cinder	pobj	*	10-27	
10-30	796-797	.	.	.	\_	*	10-30	

#Text=That is how she got her nickname , for everybody called her Cinderella .
11-1	798-802	That	DT	that	nsubj	*	11-2	
11-2	803-805	is	VBZ	be	\_	*	11-2	
11-3	806-809	how	WRB	how	advmod	*	11-5	
11-4	810-813	she	PRP	she	nsubj	*	11-5	
11-5	814-817	got	VBD	get	ccomp	*	11-2	
11-6	818-821	her	PRP$	she	poss	*	11-7	
11-7	822-830	nickname	NN	nickname	dobj	*	11-5	
11-8	831-832	,	,	,	\_	*	11-8	
11-9	833-836	for	IN	for	prep	*	11-7	
11-10	837-846	everybody	NN	everybody	pobj	*	11-9	
11-11	847-853	called	VBN	call	partmod	*	11-10	
11-12	854-857	her	PRP$	she	poss	*	11-13	
11-13	858-868	Cinderella	NNP	Cinderella	dobj	*	11-11	
11-14	869-870	.	.	.	\_	*	11-14	

#Text=Cinderella used to spend long hours all alonetalking to the cat .
12-1	871-881	Cinderella	NNP	Cinderella	nsubj	*	12-2	
12-2	882-886	used	VBD	use	\_	*	12-2	
12-3	887-889	to	TO	to	aux	*	12-4	
12-4	890-895	spend	VB	spend	xcomp	*	12-2	
12-5	896-900	long	JJ	long	amod	*	12-6	
12-6	901-906	hours	NNS	hour	dobj	*	12-4	
12-7	907-910	all	RB	all	advmod	*	12-4	
12-8	911-923	alonetalking	VBG	alonetalk	prep	*	12-4	
12-9	924-926	to	TO	to	pcomp	*	12-8	
12-10	927-930	the	DT	the	det	*	12-11	
12-11	931-934	cat	NN	cat	pobj	*	12-9	
12-12	935-936	.	.	.	\_	*	12-12	

#Text=The cat said , `` Miaow`` , which really meant , `` Cheer up !
13-1	937-940	The	DT	the	det	*	13-2	
13-2	941-944	cat	NN	cat	nsubj	*	13-3	
13-3	945-949	said	VBD	say	\_	*	13-3	
13-4	950-951	,	,	,	\_	*	13-4	
13-5	952-954	``	``	``	punct	*	13-13	
13-6	955-962	Miaow``	NNP	Miaow``	nsubj	*	13-13	
13-7	963-964	,	,	,	\_	*	13-7	
13-8	965-970	which	WDT	which	nsubj	*	13-10	
13-9	971-977	really	RB	really	advmod	*	13-10	
13-10	978-983	meant	VBD	mean	rcmod	*	13-6	
13-11	984-985	,	,	,	\_	*	13-11	
13-12	986-988	``	``	``	punct	*	13-6	
13-13	989-994	Cheer	VBD	cheer	ccomp	*	13-3	
13-14	995-997	up	RP	up	prt	*	13-13	
13-15	998-999	!	.	!	\_	*	13-15	

#Text=You have something neither of your stepsisters have and that is beauty . ``
14-1	1000-1003	You	PRP	you	nsubj	*	14-2	
14-2	1004-1008	have	VBP	have	\_	*	14-2	
14-3	1009-1018	something	NN	something	dobj	*	14-2	
14-4	1019-1026	neither	DT	neither	nsubj	*	14-8	
14-5	1027-1029	of	IN	of	prep	*	14-4	
14-6	1030-1034	your	PRP$	you	poss	*	14-7	
14-7	1035-1046	stepsisters	NNS	stepsister	pobj	*	14-5	
14-8	1047-1051	have	VBP	have	ccomp	*	14-2	
14-9	1052-1055	and	CC	and	cc	*	14-8	
14-10	1056-1060	that	IN	that	mark	*	14-12	
14-11	1061-1063	is	VBZ	be	cop	*	14-12	
14-12	1064-1070	beauty	NN	beauty	conj	*	14-8	
14-13	1071-1072	.	.	.	\_	*	14-13	
14-14	1073-1075	``	''	``	punct	*	14-2	

#Text=It was quite true .
15-1	1076-1078	It	PRP	it	nsubj	*	15-4	
15-2	1079-1082	was	VBD	be	cop	*	15-4	
15-3	1083-1088	quite	RB	quite	advmod	*	15-4	
15-4	1089-1093	true	JJ	true	\_	*	15-4	
15-5	1094-1095	.	.	.	\_	*	15-5	

#Text=Cinderella , even dressed in rags with a dusty grey face from the cinders , was a lovely girl .
16-1	1096-1106	Cinderella	NNP	Cinderella	nsubj	*	16-19	
16-2	1107-1108	,	,	,	\_	*	16-2	
16-3	1109-1113	even	RB	even	advmod	*	16-4	
16-4	1114-1121	dressed	VBN	dress	partmod	*	16-1	
16-5	1122-1124	in	IN	in	prep	*	16-4	
16-6	1125-1129	rags	NNS	rag	pobj	*	16-5	
16-7	1130-1134	with	IN	with	prep	*	16-4	
16-8	1135-1136	a	DT	a	det	*	16-11	
16-9	1137-1142	dusty	JJ	dusty	amod	*	16-11	
16-10	1143-1147	grey	JJ	grey	amod	*	16-11	
16-11	1148-1152	face	NN	face	pobj	*	16-7	
16-12	1153-1157	from	IN	from	prep	*	16-4	
16-13	1158-1161	the	DT	the	det	*	16-14	
16-14	1162-1169	cinders	NNS	cinder	pobj	*	16-12	
16-15	1170-1171	,	,	,	\_	*	16-15	
16-16	1172-1175	was	VBD	be	cop	*	16-19	
16-17	1176-1177	a	DT	a	det	*	16-19	
16-18	1178-1184	lovely	JJ	lovely	amod	*	16-19	
16-19	1185-1189	girl	NN	girl	\_	*	16-19	
16-20	1190-1191	.	.	.	\_	*	16-20	

#Text=While her stepsisters , no matter how splendid and elegant thei clothes , were still clumsy , lumpy and ugly and always would be .
17-1	1192-1197	While	IN	while	mark	*	17-16	
17-2	1198-1201	her	PRP$	she	poss	*	17-3	
17-3	1202-1213	stepsisters	NNS	stepsister	nsubj	*	17-16	
17-4	1214-1215	,	,	,	\_	*	17-4	
17-5	1216-1218	no	DT	no	det	*	17-6	
17-6	1219-1225	matter	NN	matter	appos	*	17-3	
17-7	1226-1229	how	WRB	how	advmod	*	17-8	
17-8	1230-1238	splendid	JJ	splendid	amod	*	17-11	
17-9	1239-1242	and	CC	and	cc	*	17-8	
17-10	1243-1250	elegant	JJ	elegant	dep	*	17-8	
17-11	1251-1255	thei	NNS	theus	nsubj	*	17-12	
17-12	1256-1263	clothes	NNS	clothes	rcmod	*	17-6	
17-13	1264-1265	,	,	,	\_	*	17-13	
17-14	1266-1270	were	VBD	be	cop	*	17-16	
17-15	1271-1276	still	RB	still	advmod	*	17-16	
17-16	1277-1283	clumsy	JJ	clumsy	advcl	*	17-24	
17-17	1284-1285	,	,	,	\_	*	17-17	
17-18	1286-1291	lumpy	JJ	lumpy	csubj	*	17-24	
17-19	1292-1295	and	CC	and	cc	*	17-18	
17-20	1296-1300	ugly	JJ	ugly	conj	*	17-18	
17-21	1301-1304	and	CC	and	cc	*	17-18	
17-22	1305-1311	always	RB	always	advmod	*	17-18	
17-23	1312-1317	would	MD	would	aux	*	17-24	
17-24	1318-1320	be	VB	be	\_	*	17-24	
17-25	1321-1322	.	.	.	\_	*	17-25	

#Text=One day , beautiful new dresses arrived at the house .
18-1	1323-1326	One	CD	one	num	*	18-2	
18-2	1327-1330	day	NN	day	tmod	*	18-7	
18-3	1331-1332	,	,	,	\_	*	18-3	
18-4	1333-1342	beautiful	JJ	beautiful	amod	*	18-6	
18-5	1343-1346	new	JJ	new	amod	*	18-6	
18-6	1347-1354	dresses	NNS	dress	nsubj	*	18-7	
18-7	1355-1362	arrived	VBD	arrive	\_	*	18-7	
18-8	1363-1365	at	IN	at	prep	*	18-7	
18-9	1366-1369	the	DT	the	det	*	18-10	
18-10	1370-1375	house	NN	house	pobj	*	18-8	
18-11	1376-1377	.	.	.	\_	*	18-11	

#Text=A ball was to be held at Court and the stepsisters were getting ready to go to it .
19-1	1378-1379	A	DT	a	det	*	19-2	
19-2	1380-1384	ball	NN	ball	nsubj	*	19-3	
19-3	1385-1388	was	VBD	be	\_	*	19-3	
19-4	1389-1391	to	TO	to	aux	*	19-6	
19-5	1392-1394	be	VB	be	auxpass	*	19-6	
19-6	1395-1399	held	VBN	hold	xcomp	*	19-3	
19-7	1400-1402	at	IN	at	prep	*	19-6	
19-8	1403-1408	Court	NNP	Court	pobj	*	19-7	
19-9	1409-1412	and	CC	and	cc	*	19-3	
19-10	1413-1416	the	DT	the	det	*	19-11	
19-11	1417-1428	stepsisters	NNS	stepsister	nsubj	*	19-14	
19-12	1429-1433	were	VBD	be	aux	*	19-14	
19-13	1434-1441	getting	VBG	get	dep	*	19-14	
19-14	1442-1447	ready	JJ	ready	conj	*	19-3	
19-15	1448-1450	to	TO	to	aux	*	19-16	
19-16	1451-1453	go	VB	go	xcomp	*	19-14	
19-17	1454-1456	to	TO	to	prep	*	19-16	
19-18	1457-1459	it	PRP	it	pobj	*	19-17	
19-19	1460-1461	.	.	.	\_	*	19-19	

#Text=Cinderella , did n't even dare ask , `` What about me ? `` for she knew very well what the answer to that would be : `` You ?
20-1	1462-1472	Cinderella	NNP	Cinderella	nsubj	*	20-6	
20-2	1473-1474	,	,	,	\_	*	20-2	
20-3	1475-1478	did	VBD	do	aux	*	20-6	
20-4	1479-1482	n't	RB	not	neg	*	20-6	
20-5	1483-1487	even	RB	even	advmod	*	20-6	
20-6	1488-1492	dare	VB	dare	\_	*	20-6	
20-7	1493-1496	ask	VB	ask	dep	*	20-6	
20-8	1497-1498	,	,	,	\_	*	20-8	
20-9	1499-1501	``	``	``	punct	*	20-7	
20-10	1502-1506	What	WP	what	dep	*	20-7	
20-11	1507-1512	about	IN	about	prep	*	20-10	
20-12	1513-1515	me	PRP	I	pobj	*	20-11	
20-13	1516-1517	?	.	?	\_	*	20-13	
20-14	1518-1520	``	''	``	punct	*	20-6	
20-15	1521-1524	for	IN	for	dep	*	20-6	
20-16	1525-1528	she	PRP	she	nsubj	*	20-17	
20-17	1529-1533	knew	VBD	know	ccomp	*	20-6	
20-18	1534-1538	very	RB	very	advmod	*	20-19	
20-19	1539-1543	well	RB	well	advmod	*	20-29	
20-20	1544-1548	what	WP	what	dobj	*	20-29	
20-21	1549-1552	the	DT	the	det	*	20-22	
20-22	1553-1559	answer	NN	answer	nsubj	*	20-29	
20-23	1560-1562	to	TO	to	prep	*	20-22	
20-24	1563-1567	that	WDT	that	pobj	*	20-23	
20-25	1568-1573	would	MD	would	aux	*	20-29	
20-26	1574-1576	be	VB	be	cop	*	20-29	
20-27	1577-1578	:	:	:	\_	*	20-27	
20-28	1579-1581	``	``	``	punct	*	20-29	
20-29	1582-1585	You	PRP	you	ccomp	*	20-17	
20-30	1586-1587	?	.	?	\_	*	20-30	

#Text=My dear girl , you 're staying at home to wash the dishes , scrub the floors and turn down the beds for your stepsisters .
21-1	1588-1590	My	PRP$	my	poss	*	21-3	
21-2	1591-1595	dear	RB	dear	amod	*	21-3	
21-3	1596-1600	girl	NN	girl	ccomp	*	21-7	
21-4	1601-1602	,	,	,	\_	*	21-4	
21-5	1603-1606	you	PRP	you	nsubj	*	21-7	
21-6	1607-1610	're	VBP	be	aux	*	21-7	
21-7	1611-1618	staying	VBG	stay	\_	*	21-7	
21-8	1619-1621	at	IN	at	prep	*	21-7	
21-9	1622-1626	home	NN	home	pobj	*	21-8	
21-10	1627-1629	to	TO	to	aux	*	21-11	
21-11	1630-1634	wash	VB	wash	xcomp	*	21-7	
21-12	1635-1638	the	DT	the	det	*	21-13	
21-13	1639-1645	dishes	NNS	dish	dobj	*	21-11	
21-14	1646-1647	,	,	,	\_	*	21-14	
21-15	1648-1653	scrub	NN	scrub	appos	*	21-13	
21-16	1654-1657	the	DT	the	det	*	21-17	
21-17	1658-1664	floors	NNS	floor	dep	*	21-13	
21-18	1665-1668	and	CC	and	cc	*	21-11	
21-19	1669-1673	turn	VB	turn	conj	*	21-11	
21-20	1674-1678	down	RP	down	prt	*	21-19	
21-21	1679-1682	the	DT	the	det	*	21-22	
21-22	1683-1687	beds	NNS	bed	dobj	*	21-19	
21-23	1688-1691	for	IN	for	prep	*	21-22	
21-24	1692-1696	your	PRP$	you	poss	*	21-25	
21-25	1697-1708	stepsisters	NNS	stepsister	pobj	*	21-23	
21-26	1709-1710	.	.	.	\_	*	21-26	

#Text=They will come home tired and very sleepy . ``
22-1	1711-1715	They	PRP	they	nsubj	*	22-3	
22-2	1716-1720	will	MD	will	aux	*	22-3	
22-3	1721-1725	come	VB	come	\_	*	22-3	
22-4	1726-1730	home	NN	home	dobj	*	22-3	
22-5	1731-1736	tired	JJ	tired	dep	*	22-3	
22-6	1737-1740	and	CC	and	cc	*	22-5	
22-7	1741-1745	very	RB	very	advmod	*	22-8	
22-8	1746-1752	sleepy	JJ	sleepy	conj	*	22-5	
22-9	1753-1754	.	.	.	\_	*	22-9	
22-10	1755-1757	``	''	``	punct	*	22-3	

#Text=Cinderella sighed at the cat .
23-1	1758-1768	Cinderella	NNP	Cinderella	nsubj	*	23-2	
23-2	1769-1775	sighed	VBD	sigh	\_	*	23-2	
23-3	1776-1778	at	IN	at	prep	*	23-2	
23-4	1779-1782	the	DT	the	det	*	23-5	
23-5	1783-1786	cat	NN	cat	pobj	*	23-3	
23-6	1787-1788	.	.	.	\_	*	23-6	

#Text=``oh dear , I 'm so unhappy ! `` and the cat murmured `` Miaow`` .
24-1	1789-1793	``oh	RB	``oh	advmod	*	24-2	
24-2	1794-1798	dear	RB	dear	advmod	*	24-15	
24-3	1799-1800	,	,	,	\_	*	24-3	
24-4	1801-1802	I	PRP	I	nsubj	*	24-7	
24-5	1803-1805	'm	VBP	be	cop	*	24-7	
24-6	1806-1808	so	RB	so	advmod	*	24-7	
24-7	1809-1816	unhappy	JJ	unhappy	parataxis	*	24-15	
24-8	1817-1818	!	.	!	\_	*	24-8	
24-9	1819-1821	``	``	``	punct	*	24-15	
24-10	1822-1825	and	CC	and	cc	*	24-13	
24-11	1826-1829	the	DT	the	det	*	24-13	
24-12	1830-1833	cat	NN	cat	nn	*	24-13	
24-13	1834-1842	murmured	NN	murmured	nsubj	*	24-15	
24-14	1843-1845	``	''	``	punct	*	24-15	
24-15	1846-1853	Miaow``	VBZ	miaow``	\_	*	24-15	
24-16	1854-1855	.	.	.	\_	*	24-16	

#Text=Suddenly something amazing happened .
25-1	1856-1864	Suddenly	RB	suddenly	advmod	*	25-4	
25-2	1865-1874	something	NN	something	nsubj	*	25-4	
25-3	1875-1882	amazing	JJ	amazing	amod	*	25-2	
25-4	1883-1891	happened	VBD	happen	\_	*	25-4	
25-5	1892-1893	.	.	.	\_	*	25-5	

#Text=In the kitchen , where Cinderella was sitting all by herself , there was a burst of light and a fairy appeared .
26-1	1894-1896	In	IN	in	prep	*	26-14	
26-2	1897-1900	the	DT	the	det	*	26-3	
26-3	1901-1908	kitchen	NN	kitchen	pobj	*	26-1	
26-4	1909-1910	,	,	,	\_	*	26-4	
26-5	1911-1916	where	WRB	where	advmod	*	26-8	
26-6	1917-1927	Cinderella	NNP	Cinderella	nsubj	*	26-8	
26-7	1928-1931	was	VBD	be	aux	*	26-8	
26-8	1932-1939	sitting	VBG	sit	advcl	*	26-14	
26-9	1940-1943	all	DT	all	dobj	*	26-8	
26-10	1944-1946	by	IN	by	prep	*	26-8	
26-11	1947-1954	herself	PRP	herself	pobj	*	26-10	
26-12	1955-1956	,	,	,	\_	*	26-12	
26-13	1957-1962	there	EX	there	expl	*	26-14	
26-14	1963-1966	was	VBD	be	\_	*	26-14	
26-15	1967-1968	a	DT	a	det	*	26-16	
26-16	1969-1974	burst	NN	burst	nsubj	*	26-14	
26-17	1975-1977	of	IN	of	prep	*	26-16	
26-18	1978-1983	light	NN	light	pobj	*	26-17	
26-19	1984-1987	and	CC	and	cc	*	26-14	
26-20	1988-1989	a	DT	a	det	*	26-21	
26-21	1990-1995	fairy	NN	fairy	nsubj	*	26-22	
26-22	1996-2004	appeared	VBD	appear	conj	*	26-14	
26-23	2005-2006	.	.	.	\_	*	26-23	

#Text=`` Do n't be alarmed , Cinderella , `` said the fairy .
27-1	2007-2009	``	``	``	punct	*	27-10	
27-2	2010-2012	Do	VBP	do	aux	*	27-5	
27-3	2013-2016	n't	RB	not	neg	*	27-5	
27-4	2017-2019	be	VB	be	auxpass	*	27-5	
27-5	2020-2027	alarmed	VBN	alarm	ccomp	*	27-10	
27-6	2028-2029	,	,	,	\_	*	27-6	
27-7	2030-2040	Cinderella	NNP	Cinderella	dobj	*	27-5	
27-8	2041-2042	,	,	,	\_	*	27-8	
27-9	2043-2045	``	''	``	punct	*	27-10	
27-10	2046-2050	said	VBD	say	\_	*	27-10	
27-11	2051-2054	the	DT	the	det	*	27-12	
27-12	2055-2060	fairy	NN	fairy	nsubj	*	27-10	
27-13	2061-2062	.	.	.	\_	*	27-13	

#Text=`` The wind blew me your sighs .
28-1	2063-2065	``	``	``	punct	*	28-4	
28-2	2066-2069	The	DT	the	det	*	28-3	
28-3	2070-2074	wind	NN	wind	nsubj	*	28-4	
28-4	2075-2079	blew	VBD	blow	\_	*	28-4	
28-5	2080-2082	me	PRP	I	iobj	*	28-4	
28-6	2083-2087	your	PRP$	you	poss	*	28-7	
28-7	2088-2093	sighs	NNS	sigh	dobj	*	28-4	
28-8	2094-2095	.	.	.	\_	*	28-8	

#Text=I know you would love to go to the ball .
29-1	2096-2097	I	PRP	I	nsubj	*	29-2	
29-2	2098-2102	know	VBP	know	\_	*	29-2	
29-3	2103-2106	you	PRP	you	nsubj	*	29-5	
29-4	2107-2112	would	MD	would	aux	*	29-5	
29-5	2113-2117	love	VB	love	ccomp	*	29-2	
29-6	2118-2120	to	TO	to	aux	*	29-7	
29-7	2121-2123	go	VB	go	xcomp	*	29-5	
29-8	2124-2126	to	TO	to	prep	*	29-7	
29-9	2127-2130	the	DT	the	det	*	29-10	
29-10	2131-2135	ball	NN	ball	pobj	*	29-8	
29-11	2136-2137	.	.	.	\_	*	29-11	

#Text=And so you shall ! `` ``how can I , dressed in rags ? `` Cinderella replied .
30-1	2138-2141	And	CC	and	cc	*	30-17	
30-2	2142-2144	so	RB	so	nsubj	*	30-17	
30-3	2145-2148	you	PRP	you	nsubj	*	30-4	
30-4	2149-2154	shall	MD	shall	dep	*	30-2	
30-5	2155-2156	!	.	!	\_	*	30-5	
30-6	2157-2159	``	``	``	punct	*	30-8	
30-7	2160-2165	``how	NN	``how	nsubj	*	30-8	
30-8	2166-2169	can	MD	can	rcmod	*	30-2	
30-9	2170-2171	I	PRP	I	dep	*	30-8	
30-10	2172-2173	,	,	,	\_	*	30-10	
30-11	2174-2181	dressed	VBN	dress	dep	*	30-8	
30-12	2182-2184	in	IN	in	prep	*	30-11	
30-13	2185-2189	rags	NNS	rag	pobj	*	30-12	
30-14	2190-2191	?	.	?	\_	*	30-14	
30-15	2192-2194	``	''	``	punct	*	30-8	
30-16	2195-2205	Cinderella	NNP	Cinderella	advmod	*	30-17	
30-17	2206-2213	replied	VBD	reply	\_	*	30-17	
30-18	2214-2215	.	.	.	\_	*	30-18	

#Text=`` The servants will turn me away ! ``
31-1	2216-2218	``	``	``	punct	*	31-5	
31-2	2219-2222	The	DT	the	det	*	31-3	
31-3	2223-2231	servants	NNS	servant	nsubj	*	31-5	
31-4	2232-2236	will	MD	will	aux	*	31-5	
31-5	2237-2241	turn	VB	turn	\_	*	31-5	
31-6	2242-2244	me	PRP	I	dobj	*	31-5	
31-7	2245-2249	away	RP	away	prt	*	31-5	
31-8	2250-2251	!	.	!	\_	*	31-8	
31-9	2252-2254	``	``	``	punct	*	31-5	

#Text=The fairy smiled .
32-1	2255-2258	The	DT	the	det	*	32-2	
32-2	2259-2264	fairy	NN	fairy	nsubj	*	32-3	
32-3	2265-2271	smiled	VBD	smile	\_	*	32-3	
32-4	2272-2273	.	.	.	\_	*	32-4	

#Text=With a flick of her magic wand ... Cinderella found herself wearing the most beautiful dress , the loveliest ever seen in the realm .
33-1	2274-2278	With	IN	with	prep	*	33-10	
33-2	2279-2280	a	DT	a	det	*	33-3	
33-3	2281-2286	flick	NN	flick	pobj	*	33-1	
33-4	2287-2289	of	IN	of	prep	*	33-3	
33-5	2290-2293	her	PRP$	she	poss	*	33-7	
33-6	2294-2299	magic	JJ	magic	amod	*	33-7	
33-7	2300-2304	wand	NN	wand	pobj	*	33-4	
33-8	2305-2308	...	:	...	\_	*	33-8	
33-9	2309-2319	Cinderella	NNP	Cinderella	nsubj	*	33-10	
33-10	2320-2325	found	VBD	find	\_	*	33-10	
33-11	2326-2333	herself	PRP	herself	dobj	*	33-10	
33-12	2334-2341	wearing	VBG	wear	xcomp	*	33-10	
33-13	2342-2345	the	DT	the	det	*	33-16	
33-14	2346-2350	most	RBS	most	advmod	*	33-15	
33-15	2351-2360	beautiful	JJ	beautiful	amod	*	33-16	
33-16	2361-2366	dress	NN	dress	dobj	*	33-12	
33-17	2367-2368	,	,	,	\_	*	33-17	
33-18	2369-2372	the	DT	the	det	*	33-19	
33-19	2373-2382	loveliest	NN	loveliest	appos	*	33-16	
33-20	2383-2387	ever	RB	ever	advmod	*	33-21	
33-21	2388-2392	seen	VBN	see	partmod	*	33-19	
33-22	2393-2395	in	IN	in	prep	*	33-21	
33-23	2396-2399	the	DT	the	det	*	33-24	
33-24	2400-2405	realm	NN	realm	pobj	*	33-22	
33-25	2406-2407	.	.	.	\_	*	33-25	

#Text=`` Now that we have settled the matter of the dress , `` said the fairy , ``we 'll need to get you a coach .
34-1	2408-2410	``	``	``	punct	*	34-20	
34-2	2411-2414	Now	RB	now	advmod	*	34-20	
34-3	2415-2419	that	IN	that	mark	*	34-6	
34-4	2420-2422	we	PRP	we	nsubj	*	34-6	
34-5	2423-2427	have	VBP	have	aux	*	34-6	
34-6	2428-2435	settled	VBN	settle	dep	*	34-14	
34-7	2436-2439	the	DT	the	det	*	34-8	
34-8	2440-2446	matter	NN	matter	dobj	*	34-6	
34-9	2447-2449	of	IN	of	prep	*	34-8	
34-10	2450-2453	the	DT	the	det	*	34-11	
34-11	2454-2459	dress	NN	dress	pobj	*	34-9	
34-12	2460-2461	,	,	,	\_	*	34-12	
34-13	2462-2464	``	''	``	punct	*	34-14	
34-14	2465-2469	said	VBD	say	dep	*	34-20	
34-15	2470-2473	the	DT	the	det	*	34-16	
34-16	2474-2479	fairy	NN	fairy	nsubj	*	34-14	
34-17	2480-2481	,	,	,	\_	*	34-17	
34-18	2482-2486	``we	NN	``we	nsubj	*	34-20	
34-19	2487-2490	'll	MD	'll	aux	*	34-20	
34-20	2491-2495	need	VB	need	\_	*	34-20	
34-21	2496-2498	to	TO	to	aux	*	34-22	
34-22	2499-2502	get	VB	get	xcomp	*	34-20	
34-23	2503-2506	you	PRP	you	iobj	*	34-22	
34-24	2507-2508	a	DT	a	det	*	34-25	
34-25	2509-2514	coach	NN	coach	dobj	*	34-22	
34-26	2515-2516	.	.	.	\_	*	34-26	

#Text=A real lady would never go to a ball on foot ! `` `` Quick !
35-1	2517-2518	A	DT	a	det	*	35-3	
35-2	2519-2523	real	JJ	real	amod	*	35-3	
35-3	2524-2528	lady	NN	lady	nsubj	*	35-6	
35-4	2529-2534	would	MD	would	aux	*	35-6	
35-5	2535-2540	never	RB	never	neg	*	35-6	
35-6	2541-2543	go	VB	go	\_	*	35-6	
35-7	2544-2546	to	TO	to	xcomp	*	35-6	
35-8	2547-2548	a	DT	a	det	*	35-9	
35-9	2549-2553	ball	NN	ball	dep	*	35-7	
35-10	2554-2556	on	IN	on	prep	*	35-9	
35-11	2557-2561	foot	NN	foot	pobj	*	35-10	
35-12	2562-2563	!	.	!	\_	*	35-12	
35-13	2564-2566	``	``	``	punct	*	35-9	
35-14	2567-2569	``	''	``	punct	*	35-7	
35-15	2570-2575	Quick	RB	quick	advmod	*	35-6	
35-16	2576-2577	!	.	!	\_	*	35-16	

#Text=Get me a pumpkin ! `` she ordered .
36-1	2578-2581	Get	VB	get	ccomp	*	36-8	
36-2	2582-2584	me	PRP	I	iobj	*	36-1	
36-3	2585-2586	a	DT	a	det	*	36-4	
36-4	2587-2594	pumpkin	NN	pumpkin	dobj	*	36-1	
36-5	2595-2596	!	.	!	\_	*	36-5	
36-6	2597-2599	``	``	``	punct	*	36-7	
36-7	2600-2603	she	PRP	she	nsubj	*	36-8	
36-8	2604-2611	ordered	VBD	order	\_	*	36-8	
36-9	2612-2613	.	.	.	\_	*	36-9	

#Text=`` Oh of course , `` said Cinderella , rushing away .
37-1	2614-2616	``	``	``	punct	*	37-7	
37-2	2617-2619	Oh	UH	oh	advmod	*	37-7	
37-3	2620-2622	of	IN	of	prep	*	37-7	
37-4	2623-2629	course	NN	course	pobj	*	37-3	
37-5	2630-2631	,	,	,	\_	*	37-5	
37-6	2632-2634	``	''	``	punct	*	37-7	
37-7	2635-2639	said	VBD	say	\_	*	37-7	
37-8	2640-2650	Cinderella	NNP	Cinderella	dobj	*	37-7	
37-9	2651-2652	,	,	,	\_	*	37-9	
37-10	2653-2660	rushing	VBG	rush	partmod	*	37-7	
37-11	2661-2665	away	RP	away	prt	*	37-10	
37-12	2666-2667	.	.	.	\_	*	37-12	

#Text=Then the fairy turned to the cat .
38-1	2668-2672	Then	RB	then	advmod	*	38-4	
38-2	2673-2676	the	DT	the	det	*	38-3	
38-3	2677-2682	fairy	NN	fairy	nsubj	*	38-4	
38-4	2683-2689	turned	VBD	turn	\_	*	38-4	
38-5	2690-2692	to	TO	to	prep	*	38-4	
38-6	2693-2696	the	DT	the	det	*	38-7	
38-7	2697-2700	cat	NN	cat	pobj	*	38-5	
38-8	2701-2702	.	.	.	\_	*	38-8	

#Text=`` You , bring me seven mice ! `` `` Seven mice ! `` said the cat .
39-1	2703-2705	``	``	``	punct	*	39-2	
39-2	2706-2709	You	PRP	you	\_	*	39-2	
39-3	2710-2711	,	,	,	\_	*	39-3	
39-4	2712-2717	bring	VBP	bring	dep	*	39-2	
39-5	2718-2720	me	PRP	I	iobj	*	39-4	
39-6	2721-2726	seven	CD	seven	num	*	39-7	
39-7	2727-2731	mice	NNS	mouse	dobj	*	39-4	
39-8	2732-2733	!	.	!	\_	*	39-8	
39-9	2734-2736	``	''	``	punct	*	39-2	
39-10	2737-2739	``	``	``	punct	*	39-12	
39-11	2740-2745	Seven	CD	seven	number	*	39-12	
39-12	2746-2750	mice	NNS	mouse	nsubj	*	39-15	
39-13	2751-2752	!	.	!	\_	*	39-13	
39-14	2753-2755	``	''	``	punct	*	39-12	
39-15	2756-2760	said	VBD	say	dep	*	39-2	
39-16	2761-2764	the	DT	the	det	*	39-17	
39-17	2765-2768	cat	NN	cat	dobj	*	39-15	
39-18	2769-2770	.	.	.	\_	*	39-18	

#Text=`` I did n't know fairies ate mice too ! `` `` They 're not for eating , silly !
40-1	2771-2773	``	``	``	punct	*	40-19	
40-2	2774-2775	I	PRP	I	nsubj	*	40-5	
40-3	2776-2779	did	VBD	do	aux	*	40-5	
40-4	2780-2783	n't	RB	not	neg	*	40-5	
40-5	2784-2788	know	VB	know	advcl	*	40-19	
40-6	2789-2796	fairies	NNS	fairy	nsubj	*	40-7	
40-7	2797-2800	ate	VBD	eat	ccomp	*	40-5	
40-8	2801-2805	mice	NNS	mouse	dobj	*	40-7	
40-9	2806-2809	too	RB	too	advmod	*	40-7	
40-10	2810-2811	!	.	!	\_	*	40-10	
40-11	2812-2814	``	''	``	punct	*	40-7	
40-12	2815-2817	``	``	``	punct	*	40-19	
40-13	2818-2822	They	PRP	they	nsubj	*	40-19	
40-14	2823-2826	're	VBP	be	cop	*	40-19	
40-15	2827-2830	not	RB	not	neg	*	40-19	
40-16	2831-2834	for	IN	for	prep	*	40-19	
40-17	2835-2841	eating	VBG	eat	pcomp	*	40-16	
40-18	2842-2843	,	,	,	\_	*	40-18	
40-19	2844-2849	silly	JJ	silly	\_	*	40-19	
40-20	2850-2851	!	.	!	\_	*	40-20	

#Text=Do as you are told ! ... and , remember they must be alive ! ``
41-1	2852-2854	Do	VBP	do	\_	*	41-1	
41-2	2855-2857	as	IN	as	mark	*	41-5	
41-3	2858-2861	you	PRP	you	nsubjpass	*	41-5	
41-4	2862-2865	are	VBP	be	auxpass	*	41-5	
41-5	2866-2870	told	VBN	tell	advcl	*	41-1	
41-6	2871-2872	!	.	!	\_	*	41-6	
41-7	2873-2876	...	:	...	\_	*	41-7	
41-8	2877-2880	and	CC	and	cc	*	41-1	
41-9	2881-2882	,	,	,	\_	*	41-9	
41-10	2883-2891	remember	VB	remember	conj	*	41-1	
41-11	2892-2896	they	PRP	they	nsubj	*	41-14	
41-12	2897-2901	must	MD	must	aux	*	41-14	
41-13	2902-2904	be	VB	be	cop	*	41-14	
41-14	2905-2910	alive	JJ	alive	ccomp	*	41-10	
41-15	2911-2912	!	.	!	\_	*	41-15	
41-16	2913-2915	``	''	``	punct	*	41-1	

#Text=Cinderella soon returned with a fine pumpkin and the cat with seven mice he had caught in the cellar .
42-1	2916-2926	Cinderella	NNP	Cinderella	nsubj	*	42-3	
42-2	2927-2931	soon	RB	soon	advmod	*	42-3	
42-3	2932-2940	returned	VBD	return	\_	*	42-3	
42-4	2941-2945	with	IN	with	prep	*	42-3	
42-5	2946-2947	a	DT	a	det	*	42-7	
42-6	2948-2952	fine	JJ	fine	amod	*	42-7	
42-7	2953-2960	pumpkin	NN	pumpkin	pobj	*	42-4	
42-8	2961-2964	and	CC	and	cc	*	42-7	
42-9	2965-2968	the	DT	the	det	*	42-10	
42-10	2969-2972	cat	NN	cat	conj	*	42-7	
42-11	2973-2977	with	IN	with	prep	*	42-10	
42-12	2978-2983	seven	CD	seven	num	*	42-13	
42-13	2984-2988	mice	NNS	mouse	pobj	*	42-11	
42-14	2989-2991	he	PRP	he	nsubj	*	42-16	
42-15	2992-2995	had	VBD	have	aux	*	42-16	
42-16	2996-3002	caught	VBN	catch	ccomp	*	42-3	
42-17	3003-3005	in	IN	in	prep	*	42-16	
42-18	3006-3009	the	DT	the	det	*	42-19	
42-19	3010-3016	cellar	NN	cellar	pobj	*	42-17	
42-20	3017-3018	.	.	.	\_	*	42-20	

#Text=`` Good ! `` exclaimed the fairy .
43-1	3019-3021	``	``	``	punct	*	43-5	
43-2	3022-3026	Good	JJ	good	dep	*	43-5	
43-3	3027-3028	!	.	!	\_	*	43-3	
43-4	3029-3031	``	''	``	punct	*	43-5	
43-5	3032-3041	exclaimed	VBD	exclaim	\_	*	43-5	
43-6	3042-3045	the	DT	the	det	*	43-7	
43-7	3046-3051	fairy	NN	fairy	nsubj	*	43-5	
43-8	3052-3053	.	.	.	\_	*	43-8	

#Text=With a flick of her magic wand ... wonder of wonders !
44-1	3054-3058	With	IN	with	prep	*	44-11	
44-2	3059-3060	a	DT	a	det	*	44-3	
44-3	3061-3066	flick	NN	flick	pobj	*	44-1	
44-4	3067-3069	of	IN	of	prep	*	44-3	
44-5	3070-3073	her	PRP$	she	poss	*	44-7	
44-6	3074-3079	magic	JJ	magic	amod	*	44-7	
44-7	3080-3084	wand	NN	wand	pobj	*	44-4	
44-8	3085-3088	...	:	...	\_	*	44-8	
44-9	3089-3095	wonder	NN	wonder	nsubj	*	44-11	
44-10	3096-3098	of	IN	of	prep	*	44-9	
44-11	3099-3106	wonders	VBZ	wonder	\_	*	44-11	
44-12	3107-3108	!	.	!	\_	*	44-12	

#Text=The pumpkin turned into a sparkling coach and the mice became six white horses , while the seventh mouse turned into a coachman , in a smart uniform and carrying a whip .
45-1	3109-3112	The	DT	the	det	*	45-2	
45-2	3113-3120	pumpkin	NN	pumpkin	nsubj	*	45-3	
45-3	3121-3127	turned	VBD	turn	\_	*	45-3	
45-4	3128-3132	into	IN	into	prep	*	45-3	
45-5	3133-3134	a	DT	a	det	*	45-7	
45-6	3135-3144	sparkling	JJ	sparkling	amod	*	45-7	
45-7	3145-3150	coach	NN	coach	pobj	*	45-4	
45-8	3151-3154	and	CC	and	cc	*	45-3	
45-9	3155-3158	the	DT	the	det	*	45-10	
45-10	3159-3163	mice	NNS	mouse	nsubj	*	45-14	
45-11	3164-3170	became	VBD	become	cop	*	45-14	
45-12	3171-3174	six	CD	six	num	*	45-14	
45-13	3175-3180	white	JJ	white	amod	*	45-14	
45-14	3181-3187	horses	NNS	horse	conj	*	45-3	
45-15	3188-3189	,	,	,	\_	*	45-15	
45-16	3190-3195	while	IN	while	mark	*	45-20	
45-17	3196-3199	the	DT	the	det	*	45-19	
45-18	3200-3207	seventh	JJ	seventh	amod	*	45-19	
45-19	3208-3213	mouse	NN	mouse	nsubj	*	45-20	
45-20	3214-3220	turned	VBD	turn	advcl	*	45-14	
45-21	3221-3225	into	IN	into	prep	*	45-20	
45-22	3226-3227	a	DT	a	det	*	45-23	
45-23	3228-3236	coachman	NN	coachman	pobj	*	45-21	
45-24	3237-3238	,	,	,	\_	*	45-24	
45-25	3239-3241	in	IN	in	prep	*	45-20	
45-26	3242-3243	a	DT	a	det	*	45-28	
45-27	3244-3249	smart	JJ	smart	amod	*	45-28	
45-28	3250-3257	uniform	NN	uniform	pobj	*	45-25	
45-29	3258-3261	and	CC	and	cc	*	45-20	
45-30	3262-3270	carrying	VBG	carry	conj	*	45-20	
45-31	3271-3272	a	DT	a	det	*	45-32	
45-32	3273-3277	whip	NN	whip	dobj	*	45-30	
45-33	3278-3279	.	.	.	\_	*	45-33	

#Text=Cinderella could hardly believe her eyes .
46-1	3280-3290	Cinderella	NNP	Cinderella	nsubj	*	46-4	
46-2	3291-3296	could	MD	could	aux	*	46-4	
46-3	3297-3303	hardly	RB	hardly	advmod	*	46-4	
46-4	3304-3311	believe	VB	believe	\_	*	46-4	
46-5	3312-3315	her	PRP$	she	poss	*	46-6	
46-6	3316-3320	eyes	NNS	eye	dobj	*	46-4	
46-7	3321-3322	.	.	.	\_	*	46-7	

#Text=`` I shall present you at Court .
47-1	3323-3325	``	``	``	punct	*	47-4	
47-2	3326-3327	I	PRP	I	nsubj	*	47-4	
47-3	3328-3333	shall	MD	shall	aux	*	47-4	
47-4	3334-3341	present	VB	present	\_	*	47-4	
47-5	3342-3345	you	PRP	you	dobj	*	47-4	
47-6	3346-3348	at	IN	at	prep	*	47-4	
47-7	3349-3354	Court	NNP	Court	pobj	*	47-6	
47-8	3355-3356	.	.	.	\_	*	47-8	

#Text=You will soon see that the Prince , in whose honour the ball is being held , will be enchanted by your loveliness .
48-1	3357-3360	You	PRP	you	nsubj	*	48-4	
48-2	3361-3365	will	MD	will	aux	*	48-4	
48-3	3366-3370	soon	RB	soon	advmod	*	48-4	
48-4	3371-3374	see	VB	see	\_	*	48-4	
48-5	3375-3379	that	IN	that	mark	*	48-20	
48-6	3380-3383	the	DT	the	det	*	48-7	
48-7	3384-3390	Prince	NNP	Prince	nsubjpass	*	48-20	
48-8	3391-3392	,	,	,	\_	*	48-8	
48-9	3393-3395	in	IN	in	prep	*	48-7	
48-10	3396-3401	whose	WP$	whose	poss	*	48-11	
48-11	3402-3408	honour	NN	honour	dobj	*	48-16	
48-12	3409-3412	the	DT	the	det	*	48-13	
48-13	3413-3417	ball	NN	ball	nsubjpass	*	48-16	
48-14	3418-3420	is	VBZ	be	aux	*	48-16	
48-15	3421-3426	being	VBG	be	auxpass	*	48-16	
48-16	3427-3431	held	VBN	hold	pcomp	*	48-9	
48-17	3432-3433	,	,	,	\_	*	48-17	
48-18	3434-3438	will	MD	will	aux	*	48-20	
48-19	3439-3441	be	VB	be	auxpass	*	48-20	
48-20	3442-3451	enchanted	VBN	enchant	ccomp	*	48-4	
48-21	3452-3454	by	IN	by	prep	*	48-20	
48-22	3455-3459	your	PRP$	you	poss	*	48-23	
48-23	3460-3470	loveliness	NNS	loveliness	pobj	*	48-21	
48-24	3471-3472	.	.	.	\_	*	48-24	

#Text=But remember !
49-1	3473-3476	But	CC	but	cc	*	49-2	
49-2	3477-3485	remember	VB	remember	\_	*	49-2	
49-3	3486-3487	!	.	!	\_	*	49-3	

#Text=You must leave the ball at midnight and come home .
50-1	3488-3491	You	PRP	you	nsubj	*	50-3	
50-2	3492-3496	must	MD	must	aux	*	50-3	
50-3	3497-3502	leave	VB	leave	\_	*	50-3	
50-4	3503-3506	the	DT	the	det	*	50-5	
50-5	3507-3511	ball	NN	ball	dobj	*	50-3	
50-6	3512-3514	at	IN	at	prep	*	50-3	
50-7	3515-3523	midnight	NN	midnight	pobj	*	50-6	
50-8	3524-3527	and	CC	and	cc	*	50-3	
50-9	3528-3532	come	VB	come	conj	*	50-3	
50-10	3533-3537	home	NN	home	dobj	*	50-9	
50-11	3538-3539	.	.	.	\_	*	50-11	

#Text=For that is when the spell ends .
51-1	3540-3543	For	IN	for	advmod	*	51-3	
51-2	3544-3548	that	WDT	that	nsubj	*	51-3	
51-3	3549-3551	is	VBZ	be	\_	*	51-3	
51-4	3552-3556	when	WRB	when	advmod	*	51-7	
51-5	3557-3560	the	DT	the	det	*	51-6	
51-6	3561-3566	spell	NN	spell	nsubj	*	51-7	
51-7	3567-3571	ends	VBZ	end	advcl	*	51-3	
51-8	3572-3573	.	.	.	\_	*	51-8	

#Text=Your coach will turn back into a pumpkin , the horses will become mice again and the coachman will turn back into a mouse ... and you will be dressed again in rags and wearing clogs instead of these dainty little slippers !
52-1	3574-3578	Your	PRP$	you	poss	*	52-2	
52-2	3579-3584	coach	NN	coach	nsubj	*	52-4	
52-3	3585-3589	will	MD	will	aux	*	52-4	
52-4	3590-3594	turn	VB	turn	\_	*	52-4	
52-5	3595-3599	back	RP	back	prt	*	52-4	
52-6	3600-3604	into	IN	into	prep	*	52-4	
52-7	3605-3606	a	DT	a	det	*	52-8	
52-8	3607-3614	pumpkin	NN	pumpkin	pobj	*	52-6	
52-9	3615-3616	,	,	,	\_	*	52-9	
52-10	3617-3620	the	DT	the	det	*	52-11	
52-11	3621-3627	horses	NNS	horse	nsubj	*	52-14	
52-12	3628-3632	will	MD	will	aux	*	52-14	
52-13	3633-3639	become	VB	become	cop	*	52-14	
52-14	3640-3644	mice	NNS	mouse	conj	*	52-4	
52-15	3645-3650	again	RB	again	advmod	*	52-14	
52-16	3651-3654	and	CC	and	cc	*	52-4	
52-17	3655-3658	the	DT	the	det	*	52-18	
52-18	3659-3667	coachman	NN	coachman	nsubj	*	52-20	
52-19	3668-3672	will	MD	will	aux	*	52-20	
52-20	3673-3677	turn	VB	turn	conj	*	52-4	
52-21	3678-3682	back	RP	back	prt	*	52-20	
52-22	3683-3687	into	IN	into	prep	*	52-20	
52-23	3688-3689	a	DT	a	det	*	52-24	
52-24	3690-3695	mouse	NN	mouse	pobj	*	52-22	
52-25	3696-3699	...	:	...	\_	*	52-25	
52-26	3700-3703	and	CC	and	cc	*	52-4	
52-27	3704-3707	you	PRP	you	nsubjpass	*	52-30	
52-28	3708-3712	will	MD	will	aux	*	52-30	
52-29	3713-3715	be	VB	be	auxpass	*	52-30	
52-30	3716-3723	dressed	VBN	dress	conj	*	52-4	
52-31	3724-3729	again	RB	again	advmod	*	52-30	
52-32	3730-3732	in	IN	in	prep	*	52-30	
52-33	3733-3737	rags	NNS	rag	pobj	*	52-32	
52-34	3738-3741	and	CC	and	cc	*	52-33	
52-35	3742-3749	wearing	VBG	wear	amod	*	52-36	
52-36	3750-3755	clogs	NNS	clog	conj	*	52-33	
52-37	3756-3763	instead	RB	instead	advmod	*	52-38	
52-38	3764-3766	of	IN	of	prep	*	52-36	
52-39	3767-3772	these	DT	these	det	*	52-42	
52-40	3773-3779	dainty	JJ	dainty	amod	*	52-42	
52-41	3780-3786	little	JJ	little	amod	*	52-42	
52-42	3787-3795	slippers	NNS	slipper	pobj	*	52-38	
52-43	3796-3797	!	.	!	\_	*	52-43	

#Text=Do you understand ? `` Cinderella smiled and said , `` Yes , I understand ! ``
53-1	3798-3800	Do	VBP	do	aux	*	53-3	
53-2	3801-3804	you	PRP	you	nsubj	*	53-3	
53-3	3805-3815	understand	VB	understand	dep	*	53-7	
53-4	3816-3817	?	.	?	\_	*	53-4	
53-5	3818-3820	``	''	``	punct	*	53-7	
53-6	3821-3831	Cinderella	NNP	Cinderella	nsubj	*	53-7	
53-7	3832-3838	smiled	VBD	smile	\_	*	53-7	
53-8	3839-3842	and	CC	and	cc	*	53-7	
53-9	3843-3847	said	VBD	say	conj	*	53-7	
53-10	3848-3849	,	,	,	\_	*	53-10	
53-11	3850-3852	``	``	``	punct	*	53-9	
53-12	3853-3856	Yes	UH	yes	discourse	*	53-15	
53-13	3857-3858	,	,	,	\_	*	53-13	
53-14	3859-3860	I	PRP	I	nsubj	*	53-15	
53-15	3861-3871	understand	VBP	understand	ccomp	*	53-9	
53-16	3872-3873	!	.	!	\_	*	53-16	
53-17	3874-3876	``	''	``	punct	*	53-7	

#Text=When Cinderella entered the ballroom at the palace , a hush fell .
54-1	3877-3881	When	WRB	when	advmod	*	54-3	
54-2	3882-3892	Cinderella	NNP	Cinderella	nsubj	*	54-3	
54-3	3893-3900	entered	VBD	enter	advcl	*	54-12	
54-4	3901-3904	the	DT	the	det	*	54-5	
54-5	3905-3913	ballroom	NN	ballroom	dobj	*	54-3	
54-6	3914-3916	at	IN	at	prep	*	54-3	
54-7	3917-3920	the	DT	the	det	*	54-8	
54-8	3921-3927	palace	NN	palace	pobj	*	54-6	
54-9	3928-3929	,	,	,	\_	*	54-9	
54-10	3930-3931	a	DT	a	det	*	54-11	
54-11	3932-3936	hush	NN	hush	nsubj	*	54-12	
54-12	3937-3941	fell	VBD	fall	\_	*	54-12	
54-13	3942-3943	.	.	.	\_	*	54-13	

#Text=Everyone stopped in mid-sentence to admire her elegance , her beauty and grace .
55-1	3944-3952	Everyone	NN	everyone	nsubj	*	55-2	
55-2	3953-3960	stopped	VBD	stop	\_	*	55-2	
55-3	3961-3963	in	IN	in	prep	*	55-2	
55-4	3964-3976	mid-sentence	NN	mid-sentence	pobj	*	55-3	
55-5	3977-3979	to	TO	to	aux	*	55-6	
55-6	3980-3986	admire	VB	admire	xcomp	*	55-2	
55-7	3987-3990	her	PRP$	she	poss	*	55-8	
55-8	3991-3999	elegance	NN	elegance	dobj	*	55-6	
55-9	4000-4001	,	,	,	\_	*	55-9	
55-10	4002-4005	her	PRP$	she	poss	*	55-11	
55-11	4006-4012	beauty	NN	beauty	conj	*	55-8	
55-12	4013-4016	and	CC	and	cc	*	55-8	
55-13	4017-4022	grace	NN	grace	conj	*	55-8	
55-14	4023-4024	.	.	.	\_	*	55-14	

#Text=`` Who can that be ? `` people asked each other .
56-1	4025-4027	``	``	``	punct	*	56-9	
56-2	4028-4031	Who	WP	who	dobj	*	56-5	
56-3	4032-4035	can	MD	can	aux	*	56-5	
56-4	4036-4040	that	DT	that	nsubj	*	56-5	
56-5	4041-4043	be	VB	be	ccomp	*	56-9	
56-6	4044-4045	?	.	?	\_	*	56-6	
56-7	4046-4048	``	''	``	punct	*	56-9	
56-8	4049-4055	people	NNS	people	nsubj	*	56-9	
56-9	4056-4061	asked	VBD	ask	\_	*	56-9	
56-10	4062-4066	each	DT	each	det	*	56-11	
56-11	4067-4072	other	JJ	other	dobj	*	56-9	
56-12	4073-4074	.	.	.	\_	*	56-12	

#Text=The two stepsisters also wondered who the newcomer was , for never in a month of Sundays , would they ever have guessed that the beautiful girl was really poor Cinderella who talked to the cat !
57-1	4075-4078	The	DT	the	det	*	57-3	
57-2	4079-4082	two	CD	two	num	*	57-3	
57-3	4083-4094	stepsisters	NNS	stepsister	nsubj	*	57-5	
57-4	4095-4099	also	RB	also	advmod	*	57-5	
57-5	4100-4108	wondered	VBD	wonder	\_	*	57-5	
57-6	4109-4112	who	WP	who	dobj	*	57-9	
57-7	4113-4116	the	DT	the	det	*	57-8	
57-8	4117-4125	newcomer	NN	newcomer	nsubj	*	57-9	
57-9	4126-4129	was	VBD	be	ccomp	*	57-5	
57-10	4130-4131	,	,	,	\_	*	57-10	
57-11	4132-4135	for	IN	for	prep	*	57-9	
57-12	4136-4141	never	RB	never	pcomp	*	57-11	
57-13	4142-4144	in	IN	in	prep	*	57-9	
57-14	4145-4146	a	DT	a	det	*	57-15	
57-15	4147-4152	month	NN	month	pobj	*	57-13	
57-16	4153-4155	of	IN	of	prep	*	57-15	
57-17	4156-4163	Sundays	NNP	Sundays	pobj	*	57-16	
57-18	4164-4165	,	,	,	\_	*	57-18	
57-19	4166-4171	would	MD	would	rcmod	*	57-17	
57-20	4172-4176	they	PRP	they	nsubj	*	57-23	
57-21	4177-4181	ever	RB	ever	advmod	*	57-23	
57-22	4182-4186	have	VB	have	aux	*	57-23	
57-23	4187-4194	guessed	VBD	guess	ccomp	*	57-19	
57-24	4195-4199	that	IN	that	mark	*	57-30	
57-25	4200-4203	the	DT	the	det	*	57-27	
57-26	4204-4213	beautiful	JJ	beautiful	amod	*	57-27	
57-27	4214-4218	girl	NN	girl	nsubj	*	57-30	
57-28	4219-4222	was	VBD	be	cop	*	57-30	
57-29	4223-4229	really	RB	really	advmod	*	57-30	
57-30	4230-4234	poor	JJ	poor	ccomp	*	57-23	
57-31	4235-4245	Cinderella	NNP	Cinderella	dep	*	57-17	
57-32	4246-4249	who	WP	who	nsubj	*	57-33	
57-33	4250-4256	talked	VBD	talk	rcmod	*	57-17	
57-34	4257-4259	to	TO	to	prep	*	57-33	
57-35	4260-4263	the	DT	the	det	*	57-36	
57-36	4264-4267	cat	NN	cat	pobj	*	57-34	
57-37	4268-4269	!	.	!	\_	*	57-37	

#Text=When the prince set eyes on Cinderella , he was struck by her beauty .
58-1	4270-4274	When	WRB	when	advmod	*	58-4	
58-2	4275-4278	the	DT	the	det	*	58-3	
58-3	4279-4285	prince	NN	prince	nsubj	*	58-4	
58-4	4286-4289	set	VBD	set	advcl	*	58-11	
58-5	4290-4294	eyes	NNS	eye	dobj	*	58-4	
58-6	4295-4297	on	IN	on	prep	*	58-5	
58-7	4298-4308	Cinderella	NNP	Cinderella	pobj	*	58-6	
58-8	4309-4310	,	,	,	\_	*	58-8	
58-9	4311-4313	he	PRP	he	nsubjpass	*	58-11	
58-10	4314-4317	was	VBD	be	auxpass	*	58-11	
58-11	4318-4324	struck	VBN	strike	\_	*	58-11	
58-12	4325-4327	by	IN	by	prep	*	58-11	
58-13	4328-4331	her	PRP$	she	poss	*	58-14	
58-14	4332-4338	beauty	NN	beauty	pobj	*	58-12	
58-15	4339-4340	.	.	.	\_	*	58-15	

#Text=Walking over to her , he bowed deeply and asked her to dance .
59-1	4341-4348	Walking	VBG	walk	partmod	*	59-7	
59-2	4349-4353	over	RP	over	prt	*	59-1	
59-3	4354-4356	to	TO	to	prep	*	59-1	
59-4	4357-4360	her	PRP	she	pobj	*	59-3	
59-5	4361-4362	,	,	,	\_	*	59-5	
59-6	4363-4365	he	PRP	he	nsubj	*	59-7	
59-7	4366-4371	bowed	VBD	bow	\_	*	59-7	
59-8	4372-4378	deeply	RB	deeply	advmod	*	59-7	
59-9	4379-4382	and	CC	and	cc	*	59-7	
59-10	4383-4388	asked	VBD	ask	conj	*	59-7	
59-11	4389-4392	her	PRP	she	dobj	*	59-10	
59-12	4393-4395	to	TO	to	prep	*	59-10	
59-13	4396-4401	dance	NN	dance	pobj	*	59-12	
59-14	4402-4403	.	.	.	\_	*	59-14	

#Text=And to the great disappointment of all the young ladies , he danced with Cinderella all evening .
60-1	4404-4407	And	CC	and	cc	*	60-13	
60-2	4408-4410	to	IN	to	prep	*	60-13	
60-3	4411-4414	the	DT	the	det	*	60-5	
60-4	4415-4420	great	JJ	great	amod	*	60-5	
60-5	4421-4435	disappointment	NN	disappointment	pobj	*	60-2	
60-6	4436-4438	of	IN	of	prep	*	60-5	
60-7	4439-4442	all	PDT	all	predet	*	60-10	
60-8	4443-4446	the	DT	the	det	*	60-10	
60-9	4447-4452	young	JJ	young	amod	*	60-10	
60-10	4453-4459	ladies	NNS	lady	pobj	*	60-6	
60-11	4460-4461	,	,	,	\_	*	60-11	
60-12	4462-4464	he	PRP	he	nsubj	*	60-13	
60-13	4465-4471	danced	VBN	dance	\_	*	60-13	
60-14	4472-4476	with	IN	with	prep	*	60-13	
60-15	4477-4487	Cinderella	NNP	Cinderella	pobj	*	60-14	
60-16	4488-4491	all	DT	all	det	*	60-17	
60-17	4492-4499	evening	NN	evening	tmod	*	60-13	
60-18	4500-4501	.	.	.	\_	*	60-18	

#Text=`` Who are you , fair maiden ? `` the Prince kept asking her .
61-1	4502-4504	``	``	``	punct	*	61-12	
61-2	4505-4508	Who	WP	who	attr	*	61-3	
61-3	4509-4512	are	VBP	be	ccomp	*	61-12	
61-4	4513-4516	you	PRP	you	nsubj	*	61-3	
61-5	4517-4518	,	,	,	\_	*	61-5	
61-6	4519-4523	fair	JJ	fair	amod	*	61-7	
61-7	4524-4530	maiden	NN	maiden	appos	*	61-4	
61-8	4531-4532	?	.	?	\_	*	61-8	
61-9	4533-4535	``	''	``	punct	*	61-12	
61-10	4536-4539	the	DT	the	det	*	61-11	
61-11	4540-4546	Prince	NNP	Prince	nsubj	*	61-12	
61-12	4547-4551	kept	VBD	keep	\_	*	61-12	
61-13	4552-4558	asking	VBG	ask	dep	*	61-12	
61-14	4559-4562	her	PRP	she	dobj	*	61-13	
61-15	4563-4564	.	.	.	\_	*	61-15	

#Text=But Cinderella only replied : `` What does it matter who I am !
62-1	4565-4568	But	CC	but	cc	*	62-4	
62-2	4569-4579	Cinderella	NNP	Cinderella	nsubj	*	62-4	
62-3	4580-4584	only	RB	only	advmod	*	62-4	
62-4	4585-4592	replied	VBD	reply	\_	*	62-4	
62-5	4593-4594	:	:	:	\_	*	62-5	
62-6	4595-4597	``	``	``	punct	*	62-4	
62-7	4598-4602	What	WP	what	dobj	*	62-10	
62-8	4603-4607	does	VBZ	do	aux	*	62-10	
62-9	4608-4610	it	PRP	it	nsubj	*	62-10	
62-10	4611-4617	matter	VB	matter	dep	*	62-4	
62-11	4618-4621	who	WP	who	dobj	*	62-13	
62-12	4622-4623	I	PRP	I	nsubj	*	62-13	
62-13	4624-4626	am	VBP	be	ccomp	*	62-10	
62-14	4627-4628	!	.	!	\_	*	62-14	

#Text=You will never see me again anyway . ``
63-1	4629-4632	You	PRP	you	nsubj	*	63-4	
63-2	4633-4637	will	MD	will	aux	*	63-4	
63-3	4638-4643	never	RB	never	neg	*	63-4	
63-4	4644-4647	see	VB	see	\_	*	63-4	
63-5	4648-4650	me	PRP	I	dobj	*	63-4	
63-6	4651-4656	again	RB	again	advmod	*	63-7	
63-7	4657-4663	anyway	RB	anyway	advmod	*	63-4	
63-8	4664-4665	.	.	.	\_	*	63-8	
63-9	4666-4668	``	''	``	punct	*	63-4	

#Text=`` Oh , but I shall , I 'm quite certain ! `` he replied .
64-1	4669-4671	``	``	``	punct	*	64-15	
64-2	4672-4674	Oh	UH	oh	discourse	*	64-6	
64-3	4675-4676	,	,	,	\_	*	64-3	
64-4	4677-4680	but	CC	but	cc	*	64-6	
64-5	4681-4682	I	PRP	I	conj	*	64-6	
64-6	4683-4688	shall	MD	shall	ccomp	*	64-15	
64-7	4689-4690	,	,	,	\_	*	64-7	
64-8	4691-4692	I	PRP	I	nsubj	*	64-11	
64-9	4693-4695	'm	VBP	be	cop	*	64-11	
64-10	4696-4701	quite	RB	quite	advmod	*	64-11	
64-11	4702-4709	certain	JJ	certain	parataxis	*	64-6	
64-12	4710-4711	!	.	!	\_	*	64-12	
64-13	4712-4714	``	''	``	punct	*	64-15	
64-14	4715-4717	he	PRP	he	nsubj	*	64-15	
64-15	4718-4725	replied	VBD	reply	\_	*	64-15	
64-16	4726-4727	.	.	.	\_	*	64-16	

#Text=Cinderella had a wonderful time at the ball ... But , all of a sudden , she heard the sound of a clock : the first stroke of midnight !
65-1	4728-4738	Cinderella	NNP	Cinderella	nsubj	*	65-2	
65-2	4739-4742	had	VBD	have	\_	*	65-2	
65-3	4743-4744	a	DT	a	det	*	65-5	
65-4	4745-4754	wonderful	JJ	wonderful	amod	*	65-5	
65-5	4755-4759	time	NN	time	dobj	*	65-2	
65-6	4760-4762	at	IN	at	prep	*	65-2	
65-7	4763-4766	the	DT	the	det	*	65-8	
65-8	4767-4771	ball	NN	ball	pobj	*	65-6	
65-9	4772-4775	...	:	...	\_	*	65-9	
65-10	4776-4779	But	CC	but	cc	*	65-2	
65-11	4780-4781	,	,	,	\_	*	65-11	
65-12	4782-4785	all	DT	all	nsubj	*	65-18	
65-13	4786-4788	of	IN	of	prep	*	65-12	
65-14	4789-4790	a	DT	a	det	*	65-15	
65-15	4791-4797	sudden	JJ	sudden	pobj	*	65-13	
65-16	4798-4799	,	,	,	\_	*	65-16	
65-17	4800-4803	she	PRP	she	nsubj	*	65-18	
65-18	4804-4809	heard	VBD	hear	conj	*	65-2	
65-19	4810-4813	the	DT	the	det	*	65-20	
65-20	4814-4819	sound	NN	sound	dobj	*	65-18	
65-21	4820-4822	of	IN	of	prep	*	65-20	
65-22	4823-4824	a	DT	a	det	*	65-23	
65-23	4825-4830	clock	NN	clock	pobj	*	65-21	
65-24	4831-4832	:	:	:	\_	*	65-24	
65-25	4833-4836	the	DT	the	det	*	65-27	
65-26	4837-4842	first	JJ	first	amod	*	65-27	
65-27	4843-4849	stroke	NN	stroke	dep	*	65-23	
65-28	4850-4852	of	IN	of	prep	*	65-27	
65-29	4853-4861	midnight	NN	midnight	pobj	*	65-28	
65-30	4862-4863	!	.	!	\_	*	65-30	

#Text=She remembered what the fairy had said , and without a word of goobye she slipped from the Prince 's arms and ran down the steps .
66-1	4864-4867	She	PRP	she	nsubj	*	66-2	
66-2	4868-4878	remembered	VBD	remember	\_	*	66-2	
66-3	4879-4883	what	WP	what	dobj	*	66-7	
66-4	4884-4887	the	DT	the	det	*	66-5	
66-5	4888-4893	fairy	NN	fairy	nsubj	*	66-7	
66-6	4894-4897	had	VBD	have	aux	*	66-7	
66-7	4898-4902	said	VBN	say	ccomp	*	66-2	
66-8	4903-4904	,	,	,	\_	*	66-8	
66-9	4905-4908	and	CC	and	cc	*	66-2	
66-10	4909-4916	without	IN	without	prep	*	66-16	
66-11	4917-4918	a	DT	a	det	*	66-12	
66-12	4919-4923	word	NN	word	pobj	*	66-10	
66-13	4924-4926	of	IN	of	prep	*	66-12	
66-14	4927-4933	goobye	NN	goobye	pobj	*	66-13	
66-15	4934-4937	she	PRP	she	nsubj	*	66-16	
66-16	4938-4945	slipped	VBD	slip	conj	*	66-2	
66-17	4946-4950	from	IN	from	prep	*	66-16	
66-18	4951-4954	the	DT	the	det	*	66-19	
66-19	4955-4961	Prince	NNP	Prince	poss	*	66-21	
66-20	4962-4964	's	POS	's	possessive	*	66-19	
66-21	4965-4969	arms	NNS	arm	pobj	*	66-17	
66-22	4970-4973	and	CC	and	cc	*	66-16	
66-23	4974-4977	ran	VBD	run	conj	*	66-16	
66-24	4978-4982	down	RP	down	prt	*	66-23	
66-25	4983-4986	the	DT	the	det	*	66-26	
66-26	4987-4992	steps	NNS	step	dobj	*	66-23	
66-27	4993-4994	.	.	.	\_	*	66-27	

#Text=As she ran she lost one of her slippers , but not for a moment did she dream of stopping to pick it up !
67-1	4995-4997	As	IN	as	mark	*	67-3	
67-2	4998-5001	she	PRP	she	nsubj	*	67-3	
67-3	5002-5005	ran	VBD	run	\_	*	67-3	
67-4	5006-5009	she	PRP	she	nsubj	*	67-5	
67-5	5010-5014	lost	VBD	lose	ccomp	*	67-3	
67-6	5015-5018	one	CD	one	dobj	*	67-5	
67-7	5019-5021	of	IN	of	prep	*	67-6	
67-8	5022-5025	her	PRP$	she	poss	*	67-9	
67-9	5026-5034	slippers	NNS	slipper	pobj	*	67-7	
67-10	5035-5036	,	,	,	\_	*	67-10	
67-11	5037-5040	but	CC	but	cc	*	67-3	
67-12	5041-5044	not	RB	not	neg	*	67-16	
67-13	5045-5048	for	IN	for	prep	*	67-12	
67-14	5049-5050	a	DT	a	det	*	67-15	
67-15	5051-5057	moment	NN	moment	pobj	*	67-13	
67-16	5058-5061	did	VBD	do	conj	*	67-3	
67-17	5062-5065	she	PRP	she	dobj	*	67-16	
67-18	5066-5071	dream	NN	dream	dep	*	67-16	
67-19	5072-5074	of	IN	of	prep	*	67-18	
67-20	5075-5083	stopping	VBG	stop	pcomp	*	67-19	
67-21	5084-5086	to	TO	to	aux	*	67-22	
67-22	5087-5091	pick	VB	pick	xcomp	*	67-20	
67-23	5092-5094	it	PRP	it	dobj	*	67-22	
67-24	5095-5097	up	RP	up	prt	*	67-22	
67-25	5098-5099	!	.	!	\_	*	67-25	

#Text=If the last stroke of midnight were to sound ... oh ... what a disaster that would be !
68-1	5100-5102	If	IN	if	mark	*	68-7	
68-2	5103-5106	the	DT	the	det	*	68-4	
68-3	5107-5111	last	JJ	last	amod	*	68-4	
68-4	5112-5118	stroke	NN	stroke	nsubj	*	68-7	
68-5	5119-5121	of	IN	of	prep	*	68-4	
68-6	5122-5130	midnight	NN	midnight	pobj	*	68-5	
68-7	5131-5135	were	VBD	be	advcl	*	68-18	
68-8	5136-5138	to	TO	to	aux	*	68-9	
68-9	5139-5144	sound	VB	sound	xcomp	*	68-7	
68-10	5145-5148	...	:	...	\_	*	68-10	
68-11	5149-5151	oh	UH	oh	dobj	*	68-9	
68-12	5152-5155	...	:	...	\_	*	68-12	
68-13	5156-5160	what	WP	what	dep	*	68-15	
68-14	5161-5162	a	DT	a	det	*	68-15	
68-15	5163-5171	disaster	NN	disaster	advcl	*	68-18	
68-16	5172-5176	that	WDT	that	nsubj	*	68-18	
68-17	5177-5182	would	MD	would	aux	*	68-18	
68-18	5183-5185	be	VB	be	\_	*	68-18	
68-19	5186-5187	!	.	!	\_	*	68-19	

#Text=Out she fled and vanished into the night .
69-1	5188-5191	Out	IN	out	dep	*	69-3	
69-2	5192-5195	she	PRP	she	nsubj	*	69-3	
69-3	5196-5200	fled	VBD	flee	\_	*	69-3	
69-4	5201-5204	and	CC	and	cc	*	69-3	
69-5	5205-5213	vanished	VBN	vanish	conj	*	69-3	
69-6	5214-5218	into	IN	into	prep	*	69-5	
69-7	5219-5222	the	DT	the	det	*	69-8	
69-8	5223-5228	night	NN	night	pobj	*	69-6	
69-9	5229-5230	.	.	.	\_	*	69-9	

#Text=The Prince , who was now madly in love with her , picked up her slipper and said to his ministers , `` Go and search everywhere for the girl whose foot this slipper fits .
70-1	5231-5234	The	DT	the	det	*	70-2	
70-2	5235-5241	Prince	NNP	Prince	nsubj	*	70-13	
70-3	5242-5243	,	,	,	\_	*	70-3	
70-4	5244-5247	who	WP	who	nsubj	*	70-5	
70-5	5248-5251	was	VBD	be	rcmod	*	70-2	
70-6	5252-5255	now	RB	now	advmod	*	70-7	
70-7	5256-5261	madly	RB	madly	advmod	*	70-5	
70-8	5262-5264	in	IN	in	prep	*	70-5	
70-9	5265-5269	love	NN	love	pobj	*	70-8	
70-10	5270-5274	with	IN	with	prep	*	70-9	
70-11	5275-5278	her	PRP	she	pobj	*	70-10	
70-12	5279-5280	,	,	,	\_	*	70-12	
70-13	5281-5287	picked	VBD	pick	\_	*	70-13	
70-14	5288-5290	up	RP	up	prt	*	70-13	
70-15	5291-5294	her	PRP$	she	poss	*	70-16	
70-16	5295-5302	slipper	NN	slipper	dobj	*	70-13	
70-17	5303-5306	and	CC	and	cc	*	70-13	
70-18	5307-5311	said	VBD	say	conj	*	70-13	
70-19	5312-5314	to	TO	to	prep	*	70-18	
70-20	5315-5318	his	PRP$	he	poss	*	70-21	
70-21	5319-5328	ministers	NNS	minister	pobj	*	70-19	
70-22	5329-5330	,	,	,	\_	*	70-22	
70-23	5331-5333	``	``	``	punct	*	70-18	
70-24	5334-5336	Go	VB	go	ccomp	*	70-18	
70-25	5337-5340	and	CC	and	cc	*	70-24	
70-26	5341-5347	search	VB	search	conj	*	70-24	
70-27	5348-5358	everywhere	RB	everywhere	advmod	*	70-26	
70-28	5359-5362	for	IN	for	prep	*	70-26	
70-29	5363-5366	the	DT	the	det	*	70-30	
70-30	5367-5371	girl	NN	girl	pobj	*	70-28	
70-31	5372-5377	whose	WP$	whose	poss	*	70-32	
70-32	5378-5382	foot	NN	foot	dobj	*	70-35	
70-33	5383-5387	this	DT	this	det	*	70-34	
70-34	5388-5395	slipper	NN	slipper	nsubj	*	70-35	
70-35	5396-5400	fits	VBZ	fit	rcmod	*	70-30	
70-36	5401-5402	.	.	.	\_	*	70-36	

#Text=I will never be content until I find her ! ``
71-1	5403-5404	I	PRP	I	nsubj	*	71-5	
71-2	5405-5409	will	MD	will	aux	*	71-5	
71-3	5410-5415	never	RB	never	neg	*	71-5	
71-4	5416-5418	be	VB	be	cop	*	71-5	
71-5	5419-5426	content	JJ	content	\_	*	71-5	
71-6	5427-5432	until	IN	until	mark	*	71-8	
71-7	5433-5434	I	PRP	I	nsubj	*	71-8	
71-8	5435-5439	find	VBP	find	advcl	*	71-5	
71-9	5440-5443	her	PRP	she	dobj	*	71-8	
71-10	5444-5445	!	.	!	\_	*	71-10	
71-11	5446-5448	``	''	``	punct	*	71-5	

#Text=So the ministers tried the slipper on the foot of all the girls ... and on Cinderella 's foot as well ... Surprise !
72-1	5449-5451	So	RB	so	advmod	*	72-4	
72-2	5452-5455	the	DT	the	det	*	72-3	
72-3	5456-5465	ministers	NNS	minister	nsubj	*	72-4	
72-4	5466-5471	tried	VBD	try	\_	*	72-4	
72-5	5472-5475	the	DT	the	det	*	72-6	
72-6	5476-5483	slipper	NN	slipper	dobj	*	72-4	
72-7	5484-5486	on	IN	on	prep	*	72-6	
72-8	5487-5490	the	DT	the	det	*	72-9	
72-9	5491-5495	foot	NN	foot	pobj	*	72-7	
72-10	5496-5498	of	IN	of	prep	*	72-9	
72-11	5499-5502	all	PDT	all	predet	*	72-13	
72-12	5503-5506	the	DT	the	det	*	72-13	
72-13	5507-5512	girls	NNS	girl	pobj	*	72-10	
72-14	5513-5516	...	:	...	\_	*	72-14	
72-15	5517-5520	and	CC	and	cc	*	72-7	
72-16	5521-5523	on	IN	on	conj	*	72-7	
72-17	5524-5534	Cinderella	NNP	Cinderella	poss	*	72-19	
72-18	5535-5537	's	POS	's	possessive	*	72-17	
72-19	5538-5542	foot	NN	foot	pobj	*	72-16	
72-20	5543-5545	as	RB	as	advmod	*	72-21	
72-21	5546-5550	well	RB	well	advmod	*	72-16	
72-22	5551-5554	...	:	...	\_	*	72-22	
72-23	5555-5563	Surprise	NNP	Surprise	dep	*	72-6	
72-24	5564-5565	!	.	!	\_	*	72-24	

#Text=The slipper fitted perfectly .
73-1	5566-5569	The	DT	the	det	*	73-2	
73-2	5570-5577	slipper	NN	slipper	nsubj	*	73-3	
73-3	5578-5584	fitted	VBD	fit	\_	*	73-3	
73-4	5585-5594	perfectly	RB	perfectly	advmod	*	73-3	
73-5	5595-5596	.	.	.	\_	*	73-5	

#Text=`` That awful untidy girl simply cannot have been at the ball , `` snapped the stepmother .
74-1	5597-5599	``	``	``	punct	*	74-15	
74-2	5600-5604	That	DT	that	det	*	74-5	
74-3	5605-5610	awful	JJ	awful	amod	*	74-5	
74-4	5611-5617	untidy	JJ	untidy	amod	*	74-5	
74-5	5618-5622	girl	NN	girl	nsubj	*	74-9	
74-6	5623-5629	simply	RB	simply	advmod	*	74-7	
74-7	5630-5636	cannot	JJ	cannot	amod	*	74-5	
74-8	5637-5641	have	VBP	have	aux	*	74-9	
74-9	5642-5646	been	VBN	be	ccomp	*	74-15	
74-10	5647-5649	at	IN	at	prep	*	74-9	
74-11	5650-5653	the	DT	the	det	*	74-12	
74-12	5654-5658	ball	NN	ball	pobj	*	74-10	
74-13	5659-5660	,	,	,	\_	*	74-13	
74-14	5661-5663	``	''	``	punct	*	74-15	
74-15	5664-5671	snapped	VBD	snap	\_	*	74-15	
74-16	5672-5675	the	DT	the	det	*	74-17	
74-17	5676-5686	stepmother	NN	stepmother	nsubj	*	74-15	
74-18	5687-5688	.	.	.	\_	*	74-18	

#Text=`` Tell the Prince he ought to marry one of my two daughters !
75-1	5689-5691	``	``	``	punct	*	75-2	
75-2	5692-5696	Tell	VB	tell	\_	*	75-2	
75-3	5697-5700	the	DT	the	det	*	75-4	
75-4	5701-5707	Prince	NNP	Prince	dobj	*	75-2	
75-5	5708-5710	he	PRP	he	nsubj	*	75-6	
75-6	5711-5716	ought	MD	ought	dep	*	75-2	
75-7	5717-5719	to	TO	to	aux	*	75-8	
75-8	5720-5725	marry	VB	marry	xcomp	*	75-6	
75-9	5726-5729	one	CD	one	dobj	*	75-8	
75-10	5730-5732	of	IN	of	prep	*	75-9	
75-11	5733-5735	my	PRP$	my	poss	*	75-13	
75-12	5736-5739	two	CD	two	num	*	75-13	
75-13	5740-5749	daughters	NNS	daughter	pobj	*	75-10	
75-14	5750-5751	!	.	!	\_	*	75-14	

#Text=Can't you see how ugly Cinderella is ! Can't you see ? `` Suddenly she broke off , for the fairy had appeared .
76-1	5752-5757	Can't	NNP	Can't	dep	*	76-3	
76-2	5758-5761	you	PRP	you	nsubj	*	76-3	
76-3	5762-5765	see	VBP	see	dep	*	76-16	
76-4	5766-5769	how	WRB	how	advmod	*	76-5	
76-5	5770-5774	ugly	JJ	ugly	dep	*	76-7	
76-6	5775-5785	Cinderella	NNP	Cinderella	nsubj	*	76-7	
76-7	5786-5788	is	VBZ	be	ccomp	*	76-3	
76-8	5789-5790	!	.	!	\_	*	76-8	
76-9	5791-5796	Can't	NNP	Can't	nsubj	*	76-11	
76-10	5797-5800	you	PRP	you	advmod	*	76-11	
76-11	5801-5804	see	VBP	see	dep	*	76-16	
76-12	5805-5806	?	.	?	\_	*	76-12	
76-13	5807-5809	``	``	``	punct	*	76-16	
76-14	5810-5818	Suddenly	RB	suddenly	advmod	*	76-16	
76-15	5819-5822	she	PRP	she	nsubj	*	76-16	
76-16	5823-5828	broke	VBD	break	\_	*	76-16	
76-17	5829-5832	off	RP	off	prt	*	76-16	
76-18	5833-5834	,	,	,	\_	*	76-18	
76-19	5835-5838	for	IN	for	dep	*	76-16	
76-20	5839-5842	the	DT	the	det	*	76-21	
76-21	5843-5848	fairy	NN	fairy	nsubj	*	76-23	
76-22	5849-5852	had	VBD	have	aux	*	76-23	
76-23	5853-5861	appeared	VBN	appear	ccomp	*	76-16	
76-24	5862-5863	.	.	.	\_	*	76-24	

#Text=`` That 's enough ! `` she exclaimed , raising her magic wand .
77-1	5864-5866	``	``	``	punct	*	77-4	
77-2	5867-5871	That	DT	that	nsubj	*	77-4	
77-3	5872-5874	's	VBZ	be	cop	*	77-4	
77-4	5875-5881	enough	JJ	enough	dep	*	77-8	
77-5	5882-5883	!	.	!	\_	*	77-5	
77-6	5884-5886	``	''	``	punct	*	77-4	
77-7	5887-5890	she	PRP	she	nsubj	*	77-8	
77-8	5891-5900	exclaimed	VBD	exclaim	\_	*	77-8	
77-9	5901-5902	,	,	,	\_	*	77-9	
77-10	5903-5910	raising	VBG	raise	xcomp	*	77-8	
77-11	5911-5914	her	PRP$	she	poss	*	77-13	
77-12	5915-5920	magic	JJ	magic	amod	*	77-13	
77-13	5921-5925	wand	NN	wand	dobj	*	77-10	
77-14	5926-5927	.	.	.	\_	*	77-14	

#Text=In a flash , Cinderella appeared in a splendid dress ,shining with youth and beauty .
78-1	5928-5930	In	IN	in	prep	*	78-6	
78-2	5931-5932	a	DT	a	det	*	78-3	
78-3	5933-5938	flash	NN	flash	pobj	*	78-1	
78-4	5939-5940	,	,	,	\_	*	78-4	
78-5	5941-5951	Cinderella	NNP	Cinderella	nsubj	*	78-6	
78-6	5952-5960	appeared	VBD	appear	\_	*	78-6	
78-7	5961-5963	in	IN	in	prep	*	78-6	
78-8	5964-5965	a	DT	a	det	*	78-10	
78-9	5966-5974	splendid	JJ	splendid	amod	*	78-10	
78-10	5975-5980	dress	NN	dress	pobj	*	78-7	
78-11	5981-5989	,shining	VBG	,shining	partmod	*	78-10	
78-12	5990-5994	with	IN	with	prep	*	78-11	
78-13	5995-6000	youth	NN	youth	pobj	*	78-12	
78-14	6001-6004	and	CC	and	cc	*	78-13	
78-15	6005-6011	beauty	NN	beauty	conj	*	78-13	
78-16	6012-6013	.	.	.	\_	*	78-16	

#Text=Her stepmother and stepsisters gaped at her in amazement , and the ministers said , `` Come with us , fair maiden !
79-1	6014-6017	Her	PRP$	she	poss	*	79-2	
79-2	6018-6028	stepmother	NN	stepmother	nsubj	*	79-14	
79-3	6029-6032	and	CC	and	cc	*	79-2	
79-4	6033-6044	stepsisters	NNS	stepsister	conj	*	79-2	
79-5	6045-6050	gaped	VBN	gape	partmod	*	79-4	
79-6	6051-6053	at	IN	at	prep	*	79-5	
79-7	6054-6057	her	PRP	she	pobj	*	79-6	
79-8	6058-6060	in	IN	in	prep	*	79-5	
79-9	6061-6070	amazement	NN	amazement	pobj	*	79-8	
79-10	6071-6072	,	,	,	\_	*	79-10	
79-11	6073-6076	and	CC	and	cc	*	79-4	
79-12	6077-6080	the	DT	the	det	*	79-13	
79-13	6081-6090	ministers	NNS	minister	conj	*	79-4	
79-14	6091-6095	said	VBD	say	\_	*	79-14	
79-15	6096-6097	,	,	,	\_	*	79-15	
79-16	6098-6100	``	``	``	punct	*	79-17	
79-17	6101-6105	Come	VB	come	ccomp	*	79-14	
79-18	6106-6110	with	IN	with	prep	*	79-17	
79-19	6111-6113	us	PRP	we	pobj	*	79-18	
79-20	6114-6115	,	,	,	\_	*	79-20	
79-21	6116-6120	fair	JJ	fair	amod	*	79-22	
79-22	6121-6127	maiden	NN	maiden	dobj	*	79-17	
79-23	6128-6129	!	.	!	\_	*	79-23	

#Text=The Prince awaits to present you with his engagement ring ! ``
80-1	6130-6133	The	DT	the	det	*	80-2	
80-2	6134-6140	Prince	NNP	Prince	nsubj	*	80-3	
80-3	6141-6147	awaits	VBZ	await	\_	*	80-3	
80-4	6148-6150	to	TO	to	aux	*	80-5	
80-5	6151-6158	present	VB	present	xcomp	*	80-3	
80-6	6159-6162	you	PRP	you	dobj	*	80-5	
80-7	6163-6167	with	IN	with	prep	*	80-5	
80-8	6168-6171	his	PRP$	he	poss	*	80-10	
80-9	6172-6182	engagement	JJ	engagement	amod	*	80-10	
80-10	6183-6187	ring	NN	ring	pobj	*	80-7	
80-11	6188-6189	!	.	!	\_	*	80-11	
80-12	6190-6192	``	''	``	punct	*	80-3	

#Text=So Cinderella joyfully went with them , and lived happily ever after with her Prince .
81-1	6193-6195	So	RB	so	advmod	*	81-4	
81-2	6196-6206	Cinderella	NNP	Cinderella	nsubj	*	81-4	
81-3	6207-6215	joyfully	RB	joyfully	advmod	*	81-4	
81-4	6216-6220	went	VBD	go	\_	*	81-4	
81-5	6221-6225	with	IN	with	prep	*	81-4	
81-6	6226-6230	them	PRP	they	pobj	*	81-5	
81-7	6231-6232	,	,	,	\_	*	81-7	
81-8	6233-6236	and	CC	and	cc	*	81-4	
81-9	6237-6242	lived	VBD	live	conj	*	81-4	
81-10	6243-6250	happily	RB	happily	advmod	*	81-9	
81-11	6251-6255	ever	RB	ever	advmod	*	81-12	
81-12	6256-6261	after	IN	after	advmod	*	81-9	
81-13	6262-6266	with	IN	with	prep	*	81-9	
81-14	6267-6270	her	PRP$	she	poss	*	81-15	
81-15	6271-6277	Prince	NN	prince	pobj	*	81-13	
81-16	6278-6279	.	.	.	\_	*	81-16	

#Text= And as for the cat , he just said `` Miaow`` ! .
82-1	6280-6283	And	CC	and	cc	*	82-9	
82-2	6284-6286	as	IN	as	prep	*	82-9	
82-3	6287-6290	for	IN	for	pcomp	*	82-2	
82-4	6291-6294	the	DT	the	det	*	82-5	
82-5	6295-6298	cat	NN	cat	pobj	*	82-3	
82-6	6299-6300	,	,	,	\_	*	82-6	
82-7	6301-6303	he	PRP	he	nsubj	*	82-9	
82-8	6304-6308	just	RB	just	advmod	*	82-9	
82-9	6309-6313	said	VBD	say	\_	*	82-9	
82-10	6314-6316	``	``	``	punct	*	82-11	
82-11	6317-6324	Miaow``	NNP	Miaow``	dep	*	82-9	
82-12	6325-6326	!	.	!	\_	*	82-12	
82-13	6327-6328	.	.	.	\_	*	82-13	
