1	Confidence	_	NN	B_NP	O	_	_	_	_
2	in	_	IN	B_PP	O	_	_	_	_
3	the	_	DT	B_NP	O	_	_	_	_
4	pound	_	NN	I_NP	O	_	_	_	_
5	is	_	VBZ	B_VP	O	_	_	_	_
6	widely	_	RB	I_VP	O	_	_	_	_
7	expected	_	VBN	I_VP	O	_	_	_	_
8	to	_	TO	I_VP	O	_	_	_	_
9	take	_	VB	I_VP	O	_	_	_	_
10	another	_	DT	B_NP	O	_	_	_	_
11	sharp	_	JJ	I_NP	O	_	_	_	_
12	dive	_	NN	I_NP	O	_	_	_	_
13	if	_	IN	B_SBAR	O	_	_	_	_
14	trade	_	NN	B_NP	O	_	_	_	_
15	figures	_	NNS	I_NP	O	_	_	_	_
16	for	_	IN	B_PP	O	_	_	_	_
17	September	_	NNP	B_NP	O	_	_	_	_
18	,	_	,	O	O	_	_	_	_
19	due	_	JJ	B_ADJP	O	_	_	_	_
20	for	_	IN	B_PP	O	_	_	_	_
21	release	_	NN	B_NP	O	_	_	_	_
22	tomorrow	_	NN	B_NP	O	_	_	_	_
23	,	_	,	O	O	_	_	_	_
24	fail	_	VB	B_VP	O	_	_	_	_
25	to	_	TO	I_VP	O	_	_	_	_
26	show	_	VB	I_VP	O	_	_	_	_
27	a	_	DT	B_NP	O	_	_	_	_
28	substantial	_	JJ	I_NP	O	_	_	_	_
29	improvement	_	NN	I_NP	O	_	_	_	_
30	from	_	IN	B_PP	O	_	_	_	_
31	July	_	NNP	B_NP	O	_	_	_	_
32	and	_	CC	I_NP	O	_	_	_	_
33	August	_	NNP	I_NP	O	_	_	_	_
34	's	_	POS	B_NP	O	_	_	_	_
35	near_record	_	JJ	I_NP	O	_	_	_	_
36	deficits	_	NNS	I_NP	O	_	_	_	_
37	.	_	.	O	O	_	_	_	_

1	Chancellor	_	NNP	B_NP	O	_	_	_	_
2	of	_	IN	I_NP	B_PP	_	_	_	_
3	the	_	DT	I_NP	B_NP	_	_	_	_
4	Exchequer	_	NNP	I_NP	I_NP	_	_	_	_
5	Nigel	_	NNP	B_NP	O	_	_	_	_
6	Lawson	_	NNP	I_NP	O	_	_	_	_
7	's	_	POS	B_NP	O	_	_	_	_
8	restated	_	VBN	I_NP	O	_	_	_	_
9	commitment	_	NN	I_NP	O	_	_	_	_
10	to	_	TO	B_PP	O	_	_	_	_
11	a	_	DT	B_NP	O	_	_	_	_
12	firm	_	NN	I_NP	O	_	_	_	_
13	monetary	_	JJ	I_NP	O	_	_	_	_
14	policy	_	NN	I_NP	O	_	_	_	_
15	has	_	VBZ	B_VP	O	_	_	_	_
16	helped	_	VBN	I_VP	O	_	_	_	_
17	to	_	TO	I_VP	O	_	_	_	_
18	prevent	_	VB	I_VP	O	_	_	_	_
19	a	_	DT	B_NP	O	_	_	_	_
20	freefall	_	NN	I_NP	O	_	_	_	_
21	in	_	IN	B_PP	O	_	_	_	_
22	sterling	_	NN	B_NP	O	_	_	_	_
23	over	_	IN	B_PP	O	_	_	_	_
24	the	_	DT	B_NP	O	_	_	_	_
25	past	_	JJ	I_NP	O	_	_	_	_
26	week	_	NN	I_NP	O	_	_	_	_
27	.	_	.	O	O	_	_	_	_

1	But	_	CC	B_CONJP	O	_	_	_	_
2	analysts	_	NNS	B_NP	O	_	_	_	_
3	reckon	_	VBP	B_VP	O	_	_	_	_
4	underlying	_	VBG	B_NP	O	_	_	_	_
5	support	_	NN	I_NP	O	_	_	_	_
6	for	_	IN	B_PP	O	_	_	_	_
7	sterling	_	NN	B_NP	O	_	_	_	_
8	has	_	VBZ	B_VP	O	_	_	_	_
9	been	_	VBN	I_VP	O	_	_	_	_
10	eroded	_	VBN	I_VP	O	_	_	_	_
11	by	_	IN	B_PP	O	_	_	_	_
12	the	_	DT	B_NP	O	_	_	_	_
13	chancellor	_	NN	I_NP	O	_	_	_	_
14	's	_	POS	B_NP	O	_	_	_	_
15	failure	_	NN	I_NP	O	_	_	_	_
16	to	_	TO	B_VP	O	_	_	_	_
17	announce	_	VB	I_VP	O	_	_	_	_
18	any	_	DT	B_NP	O	_	_	_	_
19	new	_	JJ	I_NP	O	_	_	_	_
20	policy	_	NN	I_NP	O	_	_	_	_
21	measures	_	NNS	I_NP	O	_	_	_	_
22	in	_	IN	B_PP	O	_	_	_	_
23	his	_	PRP$	B_NP	O	_	_	_	_
24	Mansion	_	NNP	I_NP	O	_	_	_	_
25	House	_	NNP	I_NP	O	_	_	_	_
26	speech	_	NN	I_NP	O	_	_	_	_
27	last	_	JJ	B_NP	O	_	_	_	_
28	Thursday	_	NNP	I_NP	O	_	_	_	_
29	.	_	.	O	O	_	_	_	_

1	This	_	DT	B_NP	O	_	_	_	_
2	has	_	VBZ	B_VP	O	_	_	_	_
3	increased	_	VBN	I_VP	O	_	_	_	_
4	the	_	DT	B_NP	O	_	_	_	_
5	risk	_	NN	I_NP	O	_	_	_	_
6	of	_	IN	B_PP	O	_	_	_	_
7	the	_	DT	B_NP	O	_	_	_	_
8	government	_	NN	I_NP	O	_	_	_	_
9	being	_	VBG	B_VP	O	_	_	_	_
10	forced	_	VBN	I_VP	O	_	_	_	_
11	to	_	TO	I_VP	O	_	_	_	_
12	increase	_	VB	I_VP	O	_	_	_	_
13	base	_	NN	B_NP	O	_	_	_	_
14	rates	_	NNS	I_NP	O	_	_	_	_
15	to	_	TO	B_PP	O	_	_	_	_
16	16	_	CD	B_NP	O	_	_	_	_
17	%	_	NN	I_NP	O	_	_	_	_
18	from	_	IN	B_PP	O	_	_	_	_
19	their	_	PRP$	B_NP	O	_	_	_	_
20	current	_	JJ	I_NP	O	_	_	_	_
21	15	_	CD	I_NP	O	_	_	_	_
22	%	_	NN	I_NP	O	_	_	_	_
23	level	_	NN	I_NP	O	_	_	_	_
24	to	_	TO	B_VP	O	_	_	_	_
25	defend	_	VB	I_VP	O	_	_	_	_
26	the	_	DT	B_NP	O	_	_	_	_
27	pound	_	NN	I_NP	O	_	_	_	_
28	,	_	,	O	O	_	_	_	_
29	economists	_	NNS	B_NP	O	_	_	_	_
30	and	_	CC	O	O	_	_	_	_
31	foreign	_	JJ	B_NP	O	_	_	_	_
32	exchange	_	NN	I_NP	O	_	_	_	_
33	market	_	NN	I_NP	O	_	_	_	_
34	analysts	_	NNS	I_NP	O	_	_	_	_
35	say	_	VBP	B_VP	O	_	_	_	_
36	.	_	.	O	O	_	_	_	_

1	``	_	``	O	O	_	_	_	_
2	The	_	DT	B_NP	O	_	_	_	_
3	risks	_	NNS	I_NP	O	_	_	_	_
4	for	_	IN	B_PP	O	_	_	_	_
5	sterling	_	NN	B_NP	O	_	_	_	_
6	of	_	IN	B_PP	O	_	_	_	_
7	a	_	DT	B_NP	O	_	_	_	_
8	bad	_	JJ	I_NP	O	_	_	_	_
9	trade	_	NN	I_NP	O	_	_	_	_
10	figure	_	NN	I_NP	O	_	_	_	_
11	are	_	VBP	B_VP	O	_	_	_	_
12	very	_	RB	B_ADVP	O	_	_	_	_
13	heavily	_	RB	I_ADVP	O	_	_	_	_
14	on	_	IN	B_PP	O	_	_	_	_
15	the	_	DT	B_NP	O	_	_	_	_
16	down	_	JJ	I_NP	O	_	_	_	_
17	side	_	NN	I_NP	O	_	_	_	_
18	,	_	,	O	O	_	_	_	_
19	``	_	``	O	O	_	_	_	_
20	said	_	VBD	B_VP	O	_	_	_	_
21	Chris	_	NNP	B_NP	O	_	_	_	_
22	Dillow	_	NNP	I_NP	O	_	_	_	_
23	,	_	,	O	O	_	_	_	_
24	senior	_	JJ	B_NP	O	_	_	_	_
25	U.K.	_	NNP	I_NP	O	_	_	_	_
26	economist	_	NN	I_NP	O	_	_	_	_
27	at	_	IN	B_PP	O	_	_	_	_
28	Nomura	_	NNP	B_NP	O	_	_	_	_
29	Research	_	NNP	I_NP	O	_	_	_	_
30	Institute	_	NNP	I_NP	O	_	_	_	_
31	.	_	.	O	O	_	_	_	_

1	``	_	``	O	O	_	_	_	_
2	If	_	IN	B_SBAR	O	_	_	_	_
3	there	_	EX	B_NP	O	_	_	_	_
4	is	_	VBZ	B_VP	O	_	_	_	_
5	another	_	DT	B_NP	O	_	_	_	_
6	bad	_	JJ	I_NP	O	_	_	_	_
7	trade	_	NN	I_NP	O	_	_	_	_
8	number	_	NN	I_NP	O	_	_	_	_
9	,	_	,	O	O	_	_	_	_
10	there	_	EX	B_NP	O	_	_	_	_
11	could	_	MD	B_VP	O	_	_	_	_
12	be	_	VB	I_VP	O	_	_	_	_
13	an	_	DT	B_NP	O	_	_	_	_
14	awful	_	JJ	I_NP	O	_	_	_	_
15	lot	_	NN	I_NP	O	_	_	_	_
16	of	_	IN	B_PP	O	_	_	_	_
17	pressure	_	NN	B_NP	O	_	_	_	_
18	,	_	,	O	O	_	_	_	_
19	``	_	``	O	O	_	_	_	_
20	noted	_	VBD	B_VP	O	_	_	_	_
21	Simon	_	NNP	B_NP	O	_	_	_	_
22	Briscoe	_	NNP	I_NP	O	_	_	_	_
23	,	_	,	O	O	_	_	_	_
24	U.K.	_	NNP	B_NP	O	_	_	_	_
25	economist	_	NN	I_NP	O	_	_	_	_
26	for	_	IN	B_PP	O	_	_	_	_
27	Midland	_	NNP	B_NP	O	_	_	_	_
28	Montagu	_	NNP	I_NP	O	_	_	_	_
29	,	_	,	O	O	_	_	_	_
30	a	_	DT	B_NP	O	_	_	_	_
31	unit	_	NN	I_NP	O	_	_	_	_
32	of	_	IN	B_PP	O	_	_	_	_
33	Midland	_	NNP	B_NP	O	_	_	_	_
34	Bank	_	NNP	I_NP	O	_	_	_	_
35	PLC	_	NNP	I_NP	O	_	_	_	_
36	.	_	.	O	O	_	_	_	_

1	Forecasts	_	NNS	B_NP	O	_	_	_	_
2	for	_	IN	B_PP	O	_	_	_	_
3	the	_	DT	B_NP	O	_	_	_	_
4	trade	_	NN	I_NP	O	_	_	_	_
5	figures	_	NNS	I_NP	O	_	_	_	_
6	range	_	VBP	B_VP	O	_	_	_	_
7	widely	_	RB	B_ADVP	O	_	_	_	_
8	,	_	,	O	O	_	_	_	_
9	but	_	CC	O	O	_	_	_	_
10	few	_	JJ	B_NP	O	_	_	_	_
11	economists	_	NNS	I_NP	O	_	_	_	_
12	expect	_	VBP	B_VP	O	_	_	_	_
13	the	_	DT	B_NP	O	_	_	_	_
14	data	_	NNS	I_NP	O	_	_	_	_
15	to	_	TO	B_VP	O	_	_	_	_
16	show	_	VB	I_VP	O	_	_	_	_
17	a	_	DT	B_NP	O	_	_	_	_
18	very	_	RB	I_NP	O	_	_	_	_
19	marked	_	VBN	I_NP	O	_	_	_	_
20	improvement	_	NN	I_NP	O	_	_	_	_
21	from	_	IN	B_PP	O	_	_	_	_
22	the	_	DT	O	O	_	_	_	_
23	#	_	#	O	O	_	_	_	_
24	2	_	CD	O	O	_	_	_	_
25	billion	_	CD	O	O	_	_	_	_
26	_LRB_	_	(	O	O	_	_	_	_
27	$	_	$	B_ADJP	O	_	_	_	_
28	3.2	_	CD	O	O	_	_	_	_
29	billion	_	CD	O	O	_	_	_	_
30	_RRB_	_	)	O	O	_	_	_	_
31	deficit	_	NN	B_NP	O	_	_	_	_
32	in	_	IN	B_PP	O	_	_	_	_
33	the	_	DT	B_NP	O	_	_	_	_
34	current	_	JJ	I_NP	O	_	_	_	_
35	account	_	NN	I_NP	O	_	_	_	_
36	reported	_	VBD	B_VP	O	_	_	_	_
37	for	_	IN	B_PP	O	_	_	_	_
38	August	_	NNP	B_NP	O	_	_	_	_
39	.	_	.	O	O	_	_	_	_

1	The	_	DT	B_NP	O	_	_	_	_
2	August	_	NNP	I_NP	O	_	_	_	_
3	deficit	_	NN	I_NP	O	_	_	_	_
4	and	_	CC	O	O	_	_	_	_
5	the	_	DT	B_NP	O	_	_	_	_
6	#	_	#	I_NP	O	_	_	_	_
7	2.2	_	CD	I_NP	O	_	_	_	_
8	billion	_	CD	I_NP	O	_	_	_	_
9	gap	_	NN	I_NP	O	_	_	_	_
10	registered	_	VBN	B_VP	O	_	_	_	_
11	in	_	IN	B_PP	O	_	_	_	_
12	July	_	NNP	B_NP	O	_	_	_	_
13	are	_	VBP	B_VP	O	_	_	_	_
14	topped	_	VBN	I_VP	O	_	_	_	_
15	only	_	RB	B_ADVP	O	_	_	_	_
16	by	_	IN	B_PP	O	_	_	_	_
17	the	_	DT	B_NP	O	_	_	_	_
18	#	_	#	I_NP	O	_	_	_	_
19	2.3	_	CD	I_NP	O	_	_	_	_
20	billion	_	CD	I_NP	O	_	_	_	_
21	deficit	_	NN	I_NP	O	_	_	_	_
22	of	_	IN	B_PP	O	_	_	_	_
23	October	_	NNP	B_NP	O	_	_	_	_
24	1988	_	CD	I_NP	O	_	_	_	_
25	.	_	.	O	O	_	_	_	_

1	Sanjay	_	NNP	B_NP	O	_	_	_	_
2	Joshi	_	NNP	I_NP	O	_	_	_	_
3	,	_	,	O	O	_	_	_	_
4	European	_	JJ	B_NP	O	_	_	_	_
5	economist	_	NN	I_NP	O	_	_	_	_
6	at	_	IN	B_PP	O	_	_	_	_
7	Baring	_	NNP	B_NP	O	_	_	_	_
8	Brothers	_	NNPS	I_NP	O	_	_	_	_
9	&	_	CC	I_NP	O	_	_	_	_
10	Co.	_	NNP	I_NP	O	_	_	_	_
11	,	_	,	O	O	_	_	_	_
12	said	_	VBD	B_VP	O	_	_	_	_
13	there	_	EX	B_NP	O	_	_	_	_
14	is	_	VBZ	B_VP	O	_	_	_	_
15	no	_	DT	B_NP	O	_	_	_	_
16	sign	_	NN	I_NP	O	_	_	_	_
17	that	_	IN	B_SBAR	O	_	_	_	_
18	Britain	_	NNP	B_NP	O	_	_	_	_
19	's	_	POS	B_NP	O	_	_	_	_
20	manufacturing	_	NN	I_NP	O	_	_	_	_
21	industry	_	NN	I_NP	O	_	_	_	_
22	is	_	VBZ	B_VP	O	_	_	_	_
23	transforming	_	VBG	I_VP	O	_	_	_	_
24	itself	_	PRP	B_NP	O	_	_	_	_
25	to	_	TO	B_VP	O	_	_	_	_
26	boost	_	VB	I_VP	O	_	_	_	_
27	exports	_	NNS	B_NP	O	_	_	_	_
28	.	_	.	O	O	_	_	_	_

1	At	_	IN	B_PP	O	_	_	_	_
2	the	_	DT	B_NP	O	_	_	_	_
3	same	_	JJ	I_NP	O	_	_	_	_
4	time	_	NN	I_NP	O	_	_	_	_
5	,	_	,	O	O	_	_	_	_
6	he	_	PRP	B_NP	O	_	_	_	_
7	remains	_	VBZ	B_VP	O	_	_	_	_
8	fairly	_	RB	B_ADJP	O	_	_	_	_
9	pessimistic	_	JJ	I_ADJP	O	_	_	_	_
10	about	_	IN	B_PP	O	_	_	_	_
11	the	_	DT	B_NP	O	_	_	_	_
12	outlook	_	NN	I_NP	O	_	_	_	_
13	for	_	IN	B_PP	O	_	_	_	_
14	imports	_	NNS	B_NP	O	_	_	_	_
15	,	_	,	O	O	_	_	_	_
16	given	_	VBN	B_PP	O	_	_	_	_
17	continued	_	VBD	B_NP	O	_	_	_	_
18	high	_	JJ	I_NP	O	_	_	_	_
19	consumer	_	NN	I_NP	O	_	_	_	_
20	and	_	CC	I_NP	O	_	_	_	_
21	capital	_	NN	I_NP	O	_	_	_	_
22	goods	_	NNS	I_NP	O	_	_	_	_
23	inflows	_	NNS	I_NP	O	_	_	_	_
24	.	_	.	O	O	_	_	_	_

1	He	_	PRP	B_NP	O	_	_	_	_
2	reckons	_	VBZ	B_VP	O	_	_	_	_
3	the	_	DT	B_NP	O	_	_	_	_
4	current	_	JJ	I_NP	O	_	_	_	_
5	account	_	NN	I_NP	O	_	_	_	_
6	deficit	_	NN	I_NP	O	_	_	_	_
7	will	_	MD	B_VP	O	_	_	_	_
8	narrow	_	VB	I_VP	O	_	_	_	_
9	to	_	TO	B_PP	O	_	_	_	_
10	only	_	RB	B_NP	O	_	_	_	_
11	#	_	#	I_NP	O	_	_	_	_
12	1.8	_	CD	I_NP	O	_	_	_	_
13	billion	_	CD	I_NP	O	_	_	_	_
14	in	_	IN	B_PP	O	_	_	_	_
15	September	_	NNP	B_NP	O	_	_	_	_
16	.	_	.	O	O	_	_	_	_

1	However	_	RB	B_ADVP	O	_	_	_	_
2	,	_	,	O	O	_	_	_	_
3	Mr.	_	NNP	B_NP	O	_	_	_	_
4	Dillow	_	NNP	I_NP	O	_	_	_	_
5	said	_	VBD	B_VP	O	_	_	_	_
6	he	_	PRP	B_NP	O	_	_	_	_
7	believes	_	VBZ	B_VP	O	_	_	_	_
8	that	_	IN	B_SBAR	O	_	_	_	_
9	a	_	DT	B_NP	O	_	_	_	_
10	reduction	_	NN	I_NP	O	_	_	_	_
11	in	_	IN	B_PP	O	_	_	_	_
12	raw	_	JJ	B_NP	O	_	_	_	_
13	material	_	NN	I_NP	O	_	_	_	_
14	stockbuilding	_	VBG	I_NP	O	_	_	_	_
15	by	_	IN	B_PP	O	_	_	_	_
16	industry	_	NN	B_NP	O	_	_	_	_
17	could	_	MD	B_VP	O	_	_	_	_
18	lead	_	VB	I_VP	O	_	_	_	_
19	to	_	TO	B_PP	O	_	_	_	_
20	a	_	DT	B_NP	O	_	_	_	_
21	sharp	_	JJ	I_NP	O	_	_	_	_
22	drop	_	NN	I_NP	O	_	_	_	_
23	in	_	IN	B_PP	O	_	_	_	_
24	imports	_	NNS	B_NP	O	_	_	_	_
25	.	_	.	O	O	_	_	_	_

1	Combined	_	VBN	B_PP	O	_	_	_	_
2	with	_	IN	B_PP	O	_	_	_	_
3	at	_	IN	B_ADVP	O	_	_	_	_
4	least	_	JJS	I_ADVP	O	_	_	_	_
5	some	_	DT	B_NP	O	_	_	_	_
6	rebound	_	NN	I_NP	O	_	_	_	_
7	in	_	IN	B_PP	O	_	_	_	_
8	exports	_	NNS	B_NP	O	_	_	_	_
9	after	_	IN	B_PP	O	_	_	_	_
10	August	_	NNP	B_NP	O	_	_	_	_
11	's	_	POS	B_NP	O	_	_	_	_
12	unexpected	_	JJ	I_NP	O	_	_	_	_
13	decline	_	NN	I_NP	O	_	_	_	_
14	,	_	,	O	O	_	_	_	_
15	the	_	DT	B_NP	O	_	_	_	_
16	deficit	_	NN	I_NP	O	_	_	_	_
17	could	_	MD	B_VP	O	_	_	_	_
18	narrow	_	VB	I_VP	O	_	_	_	_
19	to	_	TO	B_PP	O	_	_	_	_
20	as	_	RB	B_NP	O	_	_	_	_
21	little	_	JJ	I_NP	O	_	_	_	_
22	as	_	IN	I_NP	O	_	_	_	_
23	#	_	#	I_NP	O	_	_	_	_
24	1.3	_	CD	I_NP	O	_	_	_	_
25	billion	_	CD	I_NP	O	_	_	_	_
26	.	_	.	O	O	_	_	_	_

1	Mr.	_	NNP	B_NP	O	_	_	_	_
2	Briscoe	_	NNP	I_NP	O	_	_	_	_
3	,	_	,	O	O	_	_	_	_
4	who	_	WP	B_NP	O	_	_	_	_
5	also	_	RB	B_ADVP	O	_	_	_	_
6	forecasts	_	VBZ	B_VP	O	_	_	_	_
7	a	_	DT	B_NP	O	_	_	_	_
8	#	_	#	I_NP	O	_	_	_	_
9	1.3	_	CD	I_NP	O	_	_	_	_
10	billion	_	CD	I_NP	O	_	_	_	_
11	current	_	JJ	I_NP	O	_	_	_	_
12	account	_	NN	I_NP	O	_	_	_	_
13	gap	_	NN	I_NP	O	_	_	_	_
14	,	_	,	O	O	_	_	_	_
15	warns	_	VBZ	B_VP	O	_	_	_	_
16	that	_	IN	B_SBAR	O	_	_	_	_
17	even	_	RB	B_SBAR	O	_	_	_	_
18	if	_	IN	I_SBAR	O	_	_	_	_
19	the	_	DT	B_NP	O	_	_	_	_
20	trade	_	NN	I_NP	O	_	_	_	_
21	figures	_	NNS	I_NP	O	_	_	_	_
22	are	_	VBP	B_VP	O	_	_	_	_
23	bullish	_	JJ	B_ADJP	O	_	_	_	_
24	for	_	IN	B_PP	O	_	_	_	_
25	sterling	_	NN	B_NP	O	_	_	_	_
26	,	_	,	O	O	_	_	_	_
27	the	_	DT	B_NP	O	_	_	_	_
28	currency	_	NN	I_NP	O	_	_	_	_
29	wo	_	MD	B_VP	O	_	_	_	_
30	n't	_	RB	I_VP	O	_	_	_	_
31	advance	_	VB	I_VP	O	_	_	_	_
32	much	_	JJ	B_NP	O	_	_	_	_
33	because	_	IN	B_SBAR	O	_	_	_	_
34	investors	_	NNS	B_NP	O	_	_	_	_
35	will	_	MD	B_VP	O	_	_	_	_
36	want	_	VB	I_VP	O	_	_	_	_
37	to	_	TO	I_VP	O	_	_	_	_
38	see	_	VB	I_VP	O	_	_	_	_
39	further	_	JJ	B_NP	O	_	_	_	_
40	evidence	_	NN	I_NP	O	_	_	_	_
41	of	_	IN	B_PP	O	_	_	_	_
42	the	_	DT	B_NP	O	_	_	_	_
43	turnaround	_	NN	I_NP	O	_	_	_	_
44	before	_	IN	B_PP	O	_	_	_	_
45	adjusting	_	VBG	B_VP	O	_	_	_	_
46	positions	_	NNS	B_NP	O	_	_	_	_
47	.	_	.	O	O	_	_	_	_

1	Nevertheless	_	RB	B_ADVP	O	_	_	_	_
2	,	_	,	O	O	_	_	_	_
3	he	_	PRP	B_NP	O	_	_	_	_
4	noted	_	VBD	B_VP	O	_	_	_	_
5	,	_	,	O	O	_	_	_	_
6	``	_	``	O	O	_	_	_	_
7	No	_	DT	B_NP	O	_	_	_	_
8	one	_	PRP	I_NP	O	_	_	_	_
9	will	_	MD	B_VP	O	_	_	_	_
10	want	_	VB	I_VP	O	_	_	_	_
11	to	_	TO	I_VP	O	_	_	_	_
12	go	_	VB	I_VP	O	_	_	_	_
13	into	_	IN	B_PP	O	_	_	_	_
14	the	_	DT	B_NP	O	_	_	_	_
15	trade	_	NN	I_NP	O	_	_	_	_
16	figures	_	NNS	I_NP	O	_	_	_	_
17	without	_	IN	B_PP	O	_	_	_	_
18	a	_	DT	B_NP	O	_	_	_	_
19	flat	_	JJ	I_NP	O	_	_	_	_
20	position	_	NN	I_NP	O	_	_	_	_
21	``	_	``	O	O	_	_	_	_
22	in	_	IN	B_PP	O	_	_	_	_
23	the	_	DT	B_NP	O	_	_	_	_
24	pound	_	NN	I_NP	O	_	_	_	_
25	.	_	.	O	O	_	_	_	_

1	Meanwhile	_	RB	B_ADVP	O	_	_	_	_
2	,	_	,	O	O	_	_	_	_
3	overall	_	JJ	B_NP	O	_	_	_	_
4	evidence	_	NN	I_NP	O	_	_	_	_
5	on	_	IN	B_PP	O	_	_	_	_
6	the	_	DT	B_NP	O	_	_	_	_
7	economy	_	NN	I_NP	O	_	_	_	_
8	remains	_	VBZ	B_VP	O	_	_	_	_
9	fairly	_	RB	B_ADJP	O	_	_	_	_
10	clouded	_	VBN	I_ADJP	O	_	_	_	_
11	.	_	.	O	O	_	_	_	_

1	In	_	IN	B_PP	O	_	_	_	_
2	his	_	PRP$	B_NP	O	_	_	_	_
3	Mansion	_	NNP	I_NP	O	_	_	_	_
4	House	_	NNP	I_NP	O	_	_	_	_
5	speech	_	NN	I_NP	O	_	_	_	_
6	,	_	,	O	O	_	_	_	_
7	Mr.	_	NNP	B_NP	O	_	_	_	_
8	Lawson	_	NNP	I_NP	O	_	_	_	_
9	warned	_	VBD	B_VP	O	_	_	_	_
10	that	_	IN	B_SBAR	O	_	_	_	_
11	a	_	DT	B_NP	O	_	_	_	_
12	further	_	JJ	I_NP	O	_	_	_	_
13	slowdown	_	NN	I_NP	O	_	_	_	_
14	can	_	MD	B_VP	O	_	_	_	_
15	be	_	VB	I_VP	O	_	_	_	_
16	expected	_	VBN	I_VP	O	_	_	_	_
17	as	_	IN	B_SBAR	O	_	_	_	_
18	the	_	DT	B_NP	O	_	_	_	_
19	impact	_	NN	I_NP	O	_	_	_	_
20	of	_	IN	B_PP	O	_	_	_	_
21	the	_	DT	B_NP	O	_	_	_	_
22	last	_	JJ	I_NP	O	_	_	_	_
23	rise	_	NN	I_NP	O	_	_	_	_
24	in	_	IN	B_PP	O	_	_	_	_
25	interest	_	NN	B_NP	O	_	_	_	_
26	rates	_	NNS	I_NP	O	_	_	_	_
27	earlier	_	RBR	B_NP	O	_	_	_	_
28	this	_	DT	I_NP	O	_	_	_	_
29	month	_	NN	I_NP	O	_	_	_	_
30	takes	_	VBZ	B_VP	O	_	_	_	_
31	effect	_	NN	B_NP	O	_	_	_	_
32	.	_	.	O	O	_	_	_	_

1	U.K.	_	JJ	B_NP	O	_	_	_	_
2	base	_	NN	I_NP	O	_	_	_	_
3	rates	_	NNS	I_NP	O	_	_	_	_
4	are	_	VBP	B_VP	O	_	_	_	_
5	at	_	IN	B_PP	O	_	_	_	_
6	their	_	PRP$	B_NP	O	_	_	_	_
7	highest	_	JJS	I_NP	O	_	_	_	_
8	level	_	NN	I_NP	O	_	_	_	_
9	in	_	IN	B_PP	O	_	_	_	_
10	eight	_	CD	B_NP	O	_	_	_	_
11	years	_	NNS	I_NP	O	_	_	_	_
12	.	_	.	O	O	_	_	_	_

1	But	_	CC	B_CONJP	O	_	_	_	_
2	consumer	_	NN	B_NP	O	_	_	_	_
3	expenditure	_	NN	I_NP	O	_	_	_	_
4	data	_	NNS	I_NP	O	_	_	_	_
5	released	_	VBD	B_VP	O	_	_	_	_
6	Friday	_	NNP	B_NP	O	_	_	_	_
7	do	_	VBP	B_VP	O	_	_	_	_
8	n't	_	RB	I_VP	O	_	_	_	_
9	suggest	_	VB	I_VP	O	_	_	_	_
10	that	_	IN	B_SBAR	O	_	_	_	_
11	the	_	DT	B_NP	O	_	_	_	_
12	U.K.	_	NNP	I_NP	O	_	_	_	_
13	economy	_	NN	I_NP	O	_	_	_	_
14	is	_	VBZ	B_VP	O	_	_	_	_
15	slowing	_	VBG	I_VP	O	_	_	_	_
16	that	_	DT	B_ADVP	O	_	_	_	_
17	quickly	_	RB	I_ADVP	O	_	_	_	_
18	.	_	.	O	O	_	_	_	_

1	The	_	DT	B_NP	O	_	_	_	_
2	figures	_	NNS	I_NP	O	_	_	_	_
3	show	_	VBP	B_VP	O	_	_	_	_
4	that	_	DT	O	O	_	_	_	_
5	spending	_	NN	B_NP	O	_	_	_	_
6	rose	_	VBD	B_VP	O	_	_	_	_
7	0.1	_	CD	B_NP	O	_	_	_	_
8	%	_	NN	I_NP	O	_	_	_	_
9	in	_	IN	B_PP	O	_	_	_	_
10	the	_	DT	B_NP	O	_	_	_	_
11	third	_	JJ	I_NP	O	_	_	_	_
12	quarter	_	NN	I_NP	O	_	_	_	_
13	from	_	IN	B_PP	O	_	_	_	_
14	the	_	DT	B_NP	O	_	_	_	_
15	second	_	JJ	I_NP	O	_	_	_	_
16	quarter	_	NN	I_NP	O	_	_	_	_
17	and	_	CC	O	O	_	_	_	_
18	was	_	VBD	B_VP	O	_	_	_	_
19	up	_	IN	B_ADVP	O	_	_	_	_
20	3.8	_	CD	B_NP	O	_	_	_	_
21	%	_	NN	I_NP	O	_	_	_	_
22	from	_	IN	B_PP	O	_	_	_	_
23	a	_	DT	B_NP	O	_	_	_	_
24	year	_	NN	I_NP	O	_	_	_	_
25	ago	_	RB	B_ADVP	O	_	_	_	_
26	.	_	.	O	O	_	_	_	_

1	This	_	DT	B_NP	O	_	_	_	_
2	compares	_	VBZ	B_VP	O	_	_	_	_
3	with	_	IN	B_PP	O	_	_	_	_
4	a	_	DT	B_NP	O	_	_	_	_
5	1.6	_	CD	I_NP	O	_	_	_	_
6	%	_	NN	I_NP	O	_	_	_	_
7	rise	_	NN	I_NP	O	_	_	_	_
8	in	_	IN	B_PP	O	_	_	_	_
9	the	_	DT	B_NP	O	_	_	_	_
10	second	_	NN	I_NP	O	_	_	_	_
11	from	_	IN	B_PP	O	_	_	_	_
12	the	_	DT	B_NP	O	_	_	_	_
13	first	_	JJ	I_NP	O	_	_	_	_
14	quarter	_	NN	I_NP	O	_	_	_	_
15	and	_	CC	O	O	_	_	_	_
16	a	_	DT	B_NP	O	_	_	_	_
17	5.4	_	CD	I_NP	O	_	_	_	_
18	%	_	NN	I_NP	O	_	_	_	_
19	increase	_	NN	I_NP	O	_	_	_	_
20	from	_	IN	B_PP	O	_	_	_	_
21	the	_	DT	B_NP	O	_	_	_	_
22	second	_	JJ	I_NP	O	_	_	_	_
23	quarter	_	NN	I_NP	O	_	_	_	_
24	of	_	IN	B_PP	O	_	_	_	_
25	1988	_	CD	B_NP	O	_	_	_	_
26	.	_	.	O	O	_	_	_	_

1	Mr.	_	NNP	B_NP	O	_	_	_	_
2	Dillow	_	NNP	I_NP	O	_	_	_	_
3	said	_	VBD	B_VP	O	_	_	_	_
4	the	_	DT	B_NP	O	_	_	_	_
5	data	_	NNS	I_NP	O	_	_	_	_
6	show	_	VBP	B_VP	O	_	_	_	_
7	the	_	DT	B_NP	O	_	_	_	_
8	economy	_	NN	I_NP	O	_	_	_	_
9	``	_	``	O	O	_	_	_	_
10	is	_	VBZ	B_VP	O	_	_	_	_
11	still	_	RB	B_ADVP	O	_	_	_	_
12	quite	_	RB	B_ADJP	O	_	_	_	_
13	strong	_	JJ	I_ADJP	O	_	_	_	_
14	,	_	,	O	O	_	_	_	_
15	``	_	``	O	O	_	_	_	_
16	but	_	CC	O	O	_	_	_	_
17	suggestions	_	NNS	B_NP	O	_	_	_	_
18	that	_	IN	B_SBAR	O	_	_	_	_
19	much	_	NN	B_NP	O	_	_	_	_
20	of	_	IN	B_PP	O	_	_	_	_
21	the	_	DT	B_NP	O	_	_	_	_
22	spending	_	NN	I_NP	O	_	_	_	_
23	went	_	VBD	B_VP	O	_	_	_	_
24	on	_	IN	B_PP	O	_	_	_	_
25	services	_	NNS	B_NP	O	_	_	_	_
26	rather	_	RB	B_PP	O	_	_	_	_
27	than	_	IN	I_PP	O	_	_	_	_
28	consumer	_	NN	B_NP	O	_	_	_	_
29	goods	_	NNS	I_NP	O	_	_	_	_
30	should	_	MD	B_VP	O	_	_	_	_
31	reduce	_	VB	I_VP	O	_	_	_	_
32	fears	_	NNS	B_NP	O	_	_	_	_
33	of	_	IN	B_PP	O	_	_	_	_
34	more	_	JJR	B_NP	O	_	_	_	_
35	import	_	NN	I_NP	O	_	_	_	_
36	rises	_	NNS	I_NP	O	_	_	_	_
37	.	_	.	O	O	_	_	_	_

1	Certainly	_	RB	B_ADVP	O	_	_	_	_
2	,	_	,	O	O	_	_	_	_
3	the	_	DT	B_NP	O	_	_	_	_
4	chancellor	_	NN	I_NP	O	_	_	_	_
5	has	_	VBZ	B_VP	O	_	_	_	_
6	made	_	VBN	I_VP	O	_	_	_	_
7	it	_	PRP	B_NP	O	_	_	_	_
8	clear	_	JJ	B_ADJP	O	_	_	_	_
9	that	_	IN	B_SBAR	O	_	_	_	_
10	he	_	PRP	B_NP	O	_	_	_	_
11	is	_	VBZ	B_VP	O	_	_	_	_
12	prepared	_	VBN	I_VP	O	_	_	_	_
13	to	_	TO	I_VP	O	_	_	_	_
14	increase	_	VB	I_VP	O	_	_	_	_
15	interest	_	NN	B_NP	O	_	_	_	_
16	rates	_	NNS	I_NP	O	_	_	_	_
17	again	_	RB	B_ADVP	O	_	_	_	_
18	if	_	IN	B_SBAR	O	_	_	_	_
19	necessary	_	JJ	B_ADJP	O	_	_	_	_
20	to	_	TO	B_VP	O	_	_	_	_
21	both	_	DT	I_VP	O	_	_	_	_
22	ensure	_	VB	I_VP	O	_	_	_	_
23	that	_	IN	B_SBAR	O	_	_	_	_
24	a	_	DT	B_NP	O	_	_	_	_
25	substantial	_	JJ	I_NP	O	_	_	_	_
26	slowdown	_	NN	I_NP	O	_	_	_	_
27	does	_	VBZ	B_VP	O	_	_	_	_
28	take	_	VB	I_VP	O	_	_	_	_
29	place	_	NN	B_NP	O	_	_	_	_
30	and	_	CC	O	O	_	_	_	_
31	that	_	DT	O	O	_	_	_	_
32	sterling	_	NN	B_NP	O	_	_	_	_
33	does	_	VBZ	B_VP	O	_	_	_	_
34	n't	_	RB	I_VP	O	_	_	_	_
35	decline	_	VB	I_VP	O	_	_	_	_
36	further	_	JJ	B_ADVP	O	_	_	_	_
37	.	_	.	O	O	_	_	_	_

1	Thursday	_	NNP	B_NP	O	_	_	_	_
2	,	_	,	O	O	_	_	_	_
3	he	_	PRP	B_NP	O	_	_	_	_
4	reminded	_	VBD	B_VP	O	_	_	_	_
5	his	_	PRP$	B_NP	O	_	_	_	_
6	audience	_	NN	I_NP	O	_	_	_	_
7	that	_	IN	B_SBAR	O	_	_	_	_
8	the	_	DT	B_NP	O	_	_	_	_
9	government	_	NN	I_NP	O	_	_	_	_
10	``	_	``	O	O	_	_	_	_
11	can	_	MD	B_VP	O	_	_	_	_
12	not	_	RB	I_VP	O	_	_	_	_
13	allow	_	VB	I_VP	O	_	_	_	_
14	the	_	DT	B_NP	O	_	_	_	_
15	necessary	_	JJ	I_NP	O	_	_	_	_
16	rigor	_	NN	I_NP	O	_	_	_	_
17	of	_	IN	B_PP	O	_	_	_	_
18	monetary	_	JJ	B_NP	O	_	_	_	_
19	policy	_	NN	I_NP	O	_	_	_	_
20	to	_	TO	B_VP	O	_	_	_	_
21	be	_	VB	I_VP	O	_	_	_	_
22	undermined	_	VBN	I_VP	O	_	_	_	_
23	by	_	IN	B_PP	O	_	_	_	_
24	exchange	_	NN	B_NP	O	_	_	_	_
25	rate	_	NN	I_NP	O	_	_	_	_
26	weakness	_	NN	I_NP	O	_	_	_	_
27	.	_	.	O	O	_	_	_	_
28	``	_	``	O	O	_	_	_	_

1	Analysts	_	NNS	B_NP	O	_	_	_	_
2	agree	_	VBP	B_VP	O	_	_	_	_
3	there	_	EX	B_NP	O	_	_	_	_
4	is	_	VBZ	B_VP	O	_	_	_	_
5	little	_	JJ	B_NP	O	_	_	_	_
6	holding	_	NN	B_VP	O	_	_	_	_
7	sterling	_	NN	B_NP	O	_	_	_	_
8	firm	_	NN	B_ADJP	O	_	_	_	_
9	at	_	IN	B_PP	O	_	_	_	_
10	the	_	DT	B_NP	O	_	_	_	_
11	moment	_	NN	I_NP	O	_	_	_	_
12	other	_	JJ	B_ADJP	O	_	_	_	_
13	than	_	IN	B_PP	O	_	_	_	_
14	Mr.	_	NNP	B_NP	O	_	_	_	_
15	Lawson	_	NNP	I_NP	O	_	_	_	_
16	's	_	POS	B_NP	O	_	_	_	_
17	promise	_	NN	I_NP	O	_	_	_	_
18	that	_	IN	B_SBAR	O	_	_	_	_
19	rates	_	NNS	B_NP	O	_	_	_	_
20	will	_	MD	B_VP	O	_	_	_	_
21	be	_	VB	I_VP	O	_	_	_	_
22	pushed	_	VBN	I_VP	O	_	_	_	_
23	higher	_	JJR	B_ADJP	O	_	_	_	_
24	if	_	IN	B_SBAR	O	_	_	_	_
25	necessary	_	JJ	B_ADJP	O	_	_	_	_
26	.	_	.	O	O	_	_	_	_

1	And	_	CC	B_CONJP	O	_	_	_	_
2	,	_	,	O	O	_	_	_	_
3	they	_	PRP	B_NP	O	_	_	_	_
4	warn	_	VBP	B_VP	O	_	_	_	_
5	,	_	,	O	O	_	_	_	_
6	any	_	DT	B_NP	O	_	_	_	_
7	further	_	JJ	I_NP	O	_	_	_	_
8	drop	_	NN	I_NP	O	_	_	_	_
9	in	_	IN	B_PP	O	_	_	_	_
10	the	_	DT	B_NP	O	_	_	_	_
11	government	_	NN	I_NP	O	_	_	_	_
12	's	_	POS	B_NP	O	_	_	_	_
13	popularity	_	NN	I_NP	O	_	_	_	_
14	could	_	MD	B_VP	O	_	_	_	_
15	swiftly	_	RB	I_VP	O	_	_	_	_
16	make	_	VB	I_VP	O	_	_	_	_
17	this	_	DT	B_NP	O	_	_	_	_
18	promise	_	NN	I_NP	O	_	_	_	_
19	sound	_	NN	B_VP	O	_	_	_	_
20	hollow	_	JJ	B_ADJP	O	_	_	_	_
21	.	_	.	O	O	_	_	_	_

1	Sterling	_	NNP	B_NP	O	_	_	_	_
2	was	_	VBD	B_VP	O	_	_	_	_
3	already	_	RB	I_VP	O	_	_	_	_
4	showing	_	VBG	I_VP	O	_	_	_	_
5	some	_	DT	B_NP	O	_	_	_	_
6	signs	_	NNS	I_NP	O	_	_	_	_
7	of	_	IN	B_PP	O	_	_	_	_
8	a	_	DT	B_NP	O	_	_	_	_
9	lack	_	NN	I_NP	O	_	_	_	_
10	of	_	IN	B_PP	O	_	_	_	_
11	confidence	_	NN	B_NP	O	_	_	_	_
12	in	_	IN	B_PP	O	_	_	_	_
13	Mr.	_	NNP	B_NP	O	_	_	_	_
14	Lawson	_	NNP	I_NP	O	_	_	_	_
15	's	_	POS	B_NP	O	_	_	_	_
16	promise	_	NN	I_NP	O	_	_	_	_
17	Friday	_	NNP	B_NP	O	_	_	_	_
18	.	_	.	O	O	_	_	_	_

1	In	_	IN	B_PP	O	_	_	_	_
2	European	_	JJ	B_NP	O	_	_	_	_
3	trading	_	NN	I_NP	O	_	_	_	_
4	it	_	PRP	B_NP	O	_	_	_	_
5	declined	_	VBD	B_VP	O	_	_	_	_
6	to	_	TO	B_PP	O	_	_	_	_
7	$	_	$	B_NP	O	_	_	_	_
8	1.5890	_	CD	I_NP	O	_	_	_	_
9	and	_	CC	O	O	_	_	_	_
10	2.9495	_	CD	B_NP	O	_	_	_	_
11	marks	_	NNS	I_NP	O	_	_	_	_
12	from	_	IN	B_PP	O	_	_	_	_
13	$	_	$	B_NP	O	_	_	_	_
14	1.5940	_	CD	I_NP	O	_	_	_	_
15	and	_	CC	O	O	_	_	_	_
16	2.9429	_	CD	B_NP	O	_	_	_	_
17	marks	_	NNS	I_NP	O	_	_	_	_
18	late	_	JJ	B_NP	O	_	_	_	_
19	Thursday	_	NNP	I_NP	O	_	_	_	_
20	.	_	.	O	O	_	_	_	_

1	Economists	_	NNS	B_NP	O	_	_	_	_
2	suggested	_	VBD	B_VP	O	_	_	_	_
3	that	_	IN	B_SBAR	O	_	_	_	_
4	if	_	IN	B_SBAR	O	_	_	_	_
5	the	_	DT	B_NP	O	_	_	_	_
6	pound	_	NN	I_NP	O	_	_	_	_
7	falls	_	VBZ	B_VP	O	_	_	_	_
8	much	_	JJ	B_NP	O	_	_	_	_
9	below	_	IN	B_PP	O	_	_	_	_
10	2.90	_	CD	B_NP	O	_	_	_	_
11	marks	_	NNS	I_NP	O	_	_	_	_
12	,	_	,	O	O	_	_	_	_
13	the	_	DT	B_NP	O	_	_	_	_
14	government	_	NN	I_NP	O	_	_	_	_
15	will	_	MD	B_VP	O	_	_	_	_
16	be	_	VB	I_VP	O	_	_	_	_
17	forced	_	VBN	I_VP	O	_	_	_	_
18	to	_	TO	I_VP	O	_	_	_	_
19	increase	_	VB	I_VP	O	_	_	_	_
20	rates	_	NNS	B_NP	O	_	_	_	_
21	to	_	TO	B_PP	O	_	_	_	_
22	16	_	CD	B_NP	O	_	_	_	_
23	%	_	NN	I_NP	O	_	_	_	_
24	,	_	,	O	O	_	_	_	_
25	both	_	DT	B_VP	O	_	_	_	_
26	to	_	TO	I_VP	O	_	_	_	_
27	halt	_	VB	B_VP	O	_	_	_	_
28	any	_	DT	B_NP	O	_	_	_	_
29	further	_	JJ	I_NP	O	_	_	_	_
30	decline	_	NN	I_NP	O	_	_	_	_
31	and	_	CC	O	O	_	_	_	_
32	ensure	_	VB	B_VP	O	_	_	_	_
33	that	_	IN	B_SBAR	O	_	_	_	_
34	the	_	DT	B_NP	O	_	_	_	_
35	balance	_	NN	I_NP	O	_	_	_	_
36	of	_	IN	B_PP	O	_	_	_	_
37	monetary	_	JJ	B_NP	O	_	_	_	_
38	policy	_	NN	I_NP	O	_	_	_	_
39	remains	_	VBZ	B_VP	O	_	_	_	_
40	unchanged	_	JJ	B_ADJP	O	_	_	_	_
41	.	_	.	O	O	_	_	_	_

1	Friday	_	NNP	B_NP	O	_	_	_	_
2	's	_	POS	B_NP	O	_	_	_	_
3	Market	_	NNP	I_NP	O	_	_	_	_
4	Activity	_	NN	I_NP	O	_	_	_	_

1	The	_	DT	B_NP	O	_	_	_	_
2	dollar	_	NN	I_NP	O	_	_	_	_
3	posted	_	VBD	B_VP	O	_	_	_	_
4	gains	_	NNS	B_NP	O	_	_	_	_
5	in	_	IN	B_PP	O	_	_	_	_
6	quiet	_	JJ	B_NP	O	_	_	_	_
7	trading	_	NN	I_NP	O	_	_	_	_
8	as	_	IN	B_SBAR	O	_	_	_	_
9	concerns	_	NNS	B_NP	O	_	_	_	_
10	about	_	IN	B_PP	O	_	_	_	_
11	equities	_	NNS	B_NP	O	_	_	_	_
12	abated	_	VBN	B_VP	O	_	_	_	_
13	.	_	.	O	O	_	_	_	_

1	Foreign	_	JJ	B_NP	O	_	_	_	_
2	exchange	_	NN	I_NP	O	_	_	_	_
3	dealers	_	NNS	I_NP	O	_	_	_	_
4	said	_	VBD	B_VP	O	_	_	_	_
5	that	_	IN	B_SBAR	O	_	_	_	_
6	the	_	DT	B_NP	O	_	_	_	_
7	currency	_	NN	I_NP	O	_	_	_	_
8	market	_	NN	I_NP	O	_	_	_	_
9	has	_	VBZ	B_VP	O	_	_	_	_
10	begun	_	VBN	I_VP	O	_	_	_	_
11	to	_	TO	I_VP	O	_	_	_	_
12	distance	_	VB	I_VP	O	_	_	_	_
13	itself	_	PRP	B_NP	O	_	_	_	_
14	from	_	IN	B_PP	O	_	_	_	_
15	the	_	DT	B_NP	O	_	_	_	_
16	volatile	_	JJ	I_NP	O	_	_	_	_
17	stock	_	NN	I_NP	O	_	_	_	_
18	exchange	_	NN	I_NP	O	_	_	_	_
19	,	_	,	O	O	_	_	_	_
20	which	_	WDT	B_NP	O	_	_	_	_
21	has	_	VBZ	B_VP	O	_	_	_	_
22	preoccupied	_	VBN	I_VP	O	_	_	_	_
23	the	_	DT	B_NP	O	_	_	_	_
24	market	_	NN	I_NP	O	_	_	_	_
25	since	_	IN	B_PP	O	_	_	_	_
26	Oct.	_	NNP	B_NP	O	_	_	_	_
27	13	_	CD	I_NP	O	_	_	_	_
28	,	_	,	O	O	_	_	_	_
29	when	_	WRB	B_ADVP	O	_	_	_	_
30	the	_	DT	B_NP	O	_	_	_	_
31	Dow	_	NNP	I_NP	O	_	_	_	_
32	Jones	_	NNP	I_NP	O	_	_	_	_
33	Industrial	_	NNP	I_NP	O	_	_	_	_
34	Average	_	NNP	I_NP	O	_	_	_	_
35	plunged	_	VBD	B_VP	O	_	_	_	_
36	more	_	JJR	B_NP	O	_	_	_	_
37	than	_	IN	I_NP	O	_	_	_	_
38	190	_	CD	I_NP	O	_	_	_	_
39	points	_	NNS	I_NP	O	_	_	_	_
40	.	_	.	O	O	_	_	_	_

1	Currency	_	NN	B_NP	O	_	_	_	_
2	analysts	_	NNS	I_NP	O	_	_	_	_
3	predict	_	VBP	B_VP	O	_	_	_	_
4	that	_	IN	B_SBAR	O	_	_	_	_
5	in	_	IN	B_PP	O	_	_	_	_
6	the	_	DT	B_NP	O	_	_	_	_
7	coming	_	VBG	I_NP	O	_	_	_	_
8	week	_	NN	I_NP	O	_	_	_	_
9	the	_	DT	B_NP	O	_	_	_	_
10	foreign	_	JJ	I_NP	O	_	_	_	_
11	exchange	_	NN	I_NP	O	_	_	_	_
12	market	_	NN	I_NP	O	_	_	_	_
13	will	_	MD	B_VP	O	_	_	_	_
14	shift	_	VB	I_VP	O	_	_	_	_
15	its	_	PRP$	B_NP	O	_	_	_	_
16	focus	_	NN	I_NP	O	_	_	_	_
17	back	_	RB	B_ADVP	O	_	_	_	_
18	to	_	TO	B_PP	O	_	_	_	_
19	economic	_	JJ	B_NP	O	_	_	_	_
20	fundamentals	_	NNS	I_NP	O	_	_	_	_
21	,	_	,	O	O	_	_	_	_
22	keeping	_	VBG	B_VP	O	_	_	_	_
23	a	_	DT	B_NP	O	_	_	_	_
24	close	_	NN	I_NP	O	_	_	_	_
25	eye	_	NN	I_NP	O	_	_	_	_
26	out	_	IN	B_ADVP	O	_	_	_	_
27	for	_	IN	B_PP	O	_	_	_	_
28	any	_	DT	B_NP	O	_	_	_	_
29	signs	_	NNS	I_NP	O	_	_	_	_
30	of	_	IN	B_PP	O	_	_	_	_
31	monetary	_	JJ	B_NP	O	_	_	_	_
32	easing	_	NN	I_NP	O	_	_	_	_
33	by	_	IN	B_PP	O	_	_	_	_
34	U.S.	_	NNP	B_NP	O	_	_	_	_
35	Federal	_	NNP	I_NP	O	_	_	_	_
36	Reserve	_	NNP	I_NP	O	_	_	_	_
37	.	_	.	O	O	_	_	_	_

1	Late	_	RB	B_ADVP	O	_	_	_	_
2	in	_	IN	B_PP	O	_	_	_	_
3	the	_	DT	B_NP	O	_	_	_	_
4	New	_	NNP	I_NP	O	_	_	_	_
5	York	_	NNP	I_NP	O	_	_	_	_
6	trading	_	NN	I_NP	O	_	_	_	_
7	day	_	NN	I_NP	O	_	_	_	_
8	,	_	,	O	O	_	_	_	_
9	the	_	DT	B_NP	O	_	_	_	_
10	dollar	_	NN	I_NP	O	_	_	_	_
11	was	_	VBD	B_VP	O	_	_	_	_
12	quoted	_	VBN	I_VP	O	_	_	_	_
13	at	_	IN	B_PP	O	_	_	_	_
14	1.8578	_	CD	B_NP	O	_	_	_	_
15	marks	_	NNS	I_NP	O	_	_	_	_
16	,	_	,	O	O	_	_	_	_
17	up	_	IN	B_ADVP	O	_	_	_	_
18	from	_	IN	B_PP	O	_	_	_	_
19	1.8470	_	CD	B_NP	O	_	_	_	_
20	marks	_	NNS	I_NP	O	_	_	_	_
21	late	_	JJ	B_NP	O	_	_	_	_
22	Thursday	_	NNP	I_NP	O	_	_	_	_
23	in	_	IN	B_PP	O	_	_	_	_
24	New	_	NNP	B_NP	O	_	_	_	_
25	York	_	NNP	I_NP	O	_	_	_	_
26	.	_	.	O	O	_	_	_	_

1	The	_	DT	B_NP	O	_	_	_	_
2	U.S.	_	NNP	I_NP	O	_	_	_	_
3	currency	_	NN	I_NP	O	_	_	_	_
4	was	_	VBD	B_VP	O	_	_	_	_
5	also	_	RB	I_VP	O	_	_	_	_
6	changing	_	VBG	I_VP	O	_	_	_	_
7	hands	_	NNS	B_NP	O	_	_	_	_
8	at	_	IN	B_PP	O	_	_	_	_
9	142.43	_	CD	B_NP	O	_	_	_	_
10	yen	_	NN	I_NP	O	_	_	_	_
11	,	_	,	O	O	_	_	_	_
12	up	_	IN	B_ADVP	O	_	_	_	_
13	from	_	IN	B_PP	O	_	_	_	_
14	141.70	_	CD	B_NP	O	_	_	_	_
15	yen	_	NN	I_NP	O	_	_	_	_
16	in	_	IN	B_PP	O	_	_	_	_
17	New	_	NNP	B_NP	O	_	_	_	_
18	York	_	NNP	I_NP	O	_	_	_	_
19	late	_	JJ	B_NP	O	_	_	_	_
20	Thursday	_	NNP	I_NP	O	_	_	_	_
21	.	_	.	O	O	_	_	_	_

1	In	_	IN	B_PP	O	_	_	_	_
2	Tokyo	_	NNP	B_NP	O	_	_	_	_
3	on	_	IN	B_PP	O	_	_	_	_
4	Monday	_	NNP	B_NP	O	_	_	_	_
5	,	_	,	O	O	_	_	_	_
6	the	_	DT	B_NP	O	_	_	_	_
7	U.S.	_	NNP	I_NP	O	_	_	_	_
8	currency	_	NN	I_NP	O	_	_	_	_
9	opened	_	VBD	B_VP	O	_	_	_	_
10	for	_	IN	B_PP	O	_	_	_	_
11	trading	_	NN	B_NP	O	_	_	_	_
12	at	_	IN	B_PP	O	_	_	_	_
13	141.95	_	CD	B_NP	O	_	_	_	_
14	yen	_	NN	I_NP	O	_	_	_	_
15	,	_	,	O	O	_	_	_	_
16	up	_	IN	B_ADVP	O	_	_	_	_
17	from	_	IN	B_PP	O	_	_	_	_
18	Friday	_	NNP	B_NP	O	_	_	_	_
19	's	_	POS	B_NP	O	_	_	_	_
20	Tokyo	_	NNP	I_NP	O	_	_	_	_
21	close	_	NN	I_NP	O	_	_	_	_
22	of	_	IN	B_PP	O	_	_	_	_
23	141.35	_	CD	B_NP	O	_	_	_	_
24	yen	_	NN	I_NP	O	_	_	_	_
25	.	_	.	O	O	_	_	_	_

1	On	_	IN	B_PP	O	_	_	_	_
2	the	_	DT	B_NP	O	_	_	_	_
3	Commodity	_	NNP	I_NP	O	_	_	_	_
4	Exchange	_	NNP	I_NP	O	_	_	_	_
5	in	_	IN	B_PP	O	_	_	_	_
6	New	_	NNP	B_NP	O	_	_	_	_
7	York	_	NNP	I_NP	O	_	_	_	_
8	,	_	,	O	O	_	_	_	_
9	gold	_	NN	B_NP	O	_	_	_	_
10	for	_	IN	B_PP	O	_	_	_	_
11	current	_	JJ	B_NP	O	_	_	_	_
12	delivery	_	NN	I_NP	O	_	_	_	_
13	settled	_	VBD	B_VP	O	_	_	_	_
14	at	_	IN	B_PP	O	_	_	_	_
15	$	_	$	B_NP	O	_	_	_	_
16	367.30	_	CD	I_NP	O	_	_	_	_
17	an	_	DT	B_NP	O	_	_	_	_
18	ounce	_	NN	I_NP	O	_	_	_	_
19	,	_	,	O	O	_	_	_	_
20	up	_	IN	B_ADVP	O	_	_	_	_
21	20	_	CD	B_NP	O	_	_	_	_
22	cents	_	NNS	I_NP	O	_	_	_	_
23	.	_	.	O	O	_	_	_	_

1	Estimated	_	VBN	B_NP	O	_	_	_	_
2	volume	_	NN	I_NP	O	_	_	_	_
3	was	_	VBD	B_VP	O	_	_	_	_
4	a	_	DT	B_NP	O	_	_	_	_
5	light	_	NN	I_NP	O	_	_	_	_
6	2.4	_	CD	I_NP	O	_	_	_	_
7	million	_	CD	I_NP	O	_	_	_	_
8	ounces	_	NNS	I_NP	O	_	_	_	_
9	.	_	.	O	O	_	_	_	_

1	In	_	IN	B_PP	O	_	_	_	_
2	early	_	JJ	B_NP	O	_	_	_	_
3	trading	_	NN	I_NP	O	_	_	_	_
4	in	_	IN	B_PP	O	_	_	_	_
5	Hong	_	NNP	B_NP	O	_	_	_	_
6	Kong	_	NNP	I_NP	O	_	_	_	_
7	Monday	_	NNP	B_NP	O	_	_	_	_
8	,	_	,	O	O	_	_	_	_
9	gold	_	NN	B_NP	O	_	_	_	_
10	was	_	VBD	B_VP	O	_	_	_	_
11	quoted	_	VBN	I_VP	O	_	_	_	_
12	at	_	IN	B_PP	O	_	_	_	_
13	$	_	$	B_NP	O	_	_	_	_
14	366.50	_	CD	I_NP	O	_	_	_	_
15	an	_	DT	B_NP	O	_	_	_	_
16	ounce	_	NN	I_NP	O	_	_	_	_
17	.	_	.	O	O	_	_	_	_

1	East	_	NNP	B_NP	O	_	_	_	_
2	Rock	_	NNP	I_NP	O	_	_	_	_
3	Partners	_	NNP	I_NP	O	_	_	_	_
4	Limited	_	NNP	I_NP	O	_	_	_	_
5	Partnership	_	NNP	I_NP	O	_	_	_	_
6	said	_	VBD	B_VP	O	_	_	_	_
7	it	_	PRP	B_NP	O	_	_	_	_
8	proposed	_	VBD	B_VP	O	_	_	_	_
9	to	_	TO	I_VP	O	_	_	_	_
10	acquire	_	VB	I_VP	O	_	_	_	_
11	A.P.	_	NNP	B_NP	O	_	_	_	_
12	Green	_	NNP	I_NP	O	_	_	_	_
13	Industries	_	NNP	I_NP	O	_	_	_	_
14	Inc.	_	NNP	I_NP	O	_	_	_	_
15	for	_	IN	B_PP	O	_	_	_	_
16	$	_	$	B_NP	O	_	_	_	_
17	40	_	CD	I_NP	O	_	_	_	_
18	a	_	DT	B_NP	O	_	_	_	_
19	share	_	NN	I_NP	O	_	_	_	_
20	.	_	.	O	O	_	_	_	_

1	In	_	IN	B_PP	O	_	_	_	_
2	an	_	DT	B_NP	O	_	_	_	_
3	Oct.	_	NNP	I_NP	O	_	_	_	_
4	19	_	CD	I_NP	O	_	_	_	_
5	letter	_	NN	I_NP	O	_	_	_	_
6	to	_	TO	B_PP	O	_	_	_	_
7	A.P.	_	NNP	B_NP	O	_	_	_	_
8	Green	_	NNP	I_NP	O	_	_	_	_
9	's	_	POS	B_NP	O	_	_	_	_
10	board	_	NN	I_NP	O	_	_	_	_
11	,	_	,	O	O	_	_	_	_
12	East	_	NNP	B_NP	O	_	_	_	_
13	Rock	_	NNP	I_NP	O	_	_	_	_
14	said	_	VBD	B_VP	O	_	_	_	_
15	the	_	DT	B_NP	O	_	_	_	_
16	offer	_	NN	I_NP	O	_	_	_	_
17	is	_	VBZ	B_VP	O	_	_	_	_
18	subject	_	NN	B_ADJP	O	_	_	_	_
19	to	_	TO	B_PP	O	_	_	_	_
20	the	_	DT	B_NP	O	_	_	_	_
21	signing	_	NN	I_NP	O	_	_	_	_
22	of	_	IN	B_PP	O	_	_	_	_
23	a	_	DT	B_NP	O	_	_	_	_
24	merger	_	NN	I_NP	O	_	_	_	_
25	agreement	_	NN	I_NP	O	_	_	_	_
26	by	_	IN	B_PP	O	_	_	_	_
27	no	_	DT	B_ADVP	O	_	_	_	_
28	later	_	RB	I_ADVP	O	_	_	_	_
29	than	_	IN	B_PP	O	_	_	_	_
30	Oct.	_	NNP	B_NP	O	_	_	_	_
31	31	_	CD	I_NP	O	_	_	_	_
32	.	_	.	O	O	_	_	_	_

1	The	_	DT	B_NP	O	_	_	_	_
2	letter	_	NN	I_NP	O	_	_	_	_
3	,	_	,	O	O	_	_	_	_
4	attached	_	VBN	B_VP	O	_	_	_	_
5	to	_	TO	B_PP	O	_	_	_	_
6	a	_	DT	B_NP	O	_	_	_	_
7	filing	_	NN	I_NP	O	_	_	_	_
8	with	_	IN	B_PP	O	_	_	_	_
9	the	_	DT	B_NP	O	_	_	_	_
10	Securities	_	NNP	I_NP	O	_	_	_	_
11	and	_	CC	I_NP	O	_	_	_	_
12	Exchange	_	NNP	I_NP	O	_	_	_	_
13	Commission	_	NNP	I_NP	O	_	_	_	_
14	,	_	,	O	O	_	_	_	_
15	said	_	VBD	B_VP	O	_	_	_	_
16	the	_	DT	B_NP	O	_	_	_	_
17	approval	_	NN	I_NP	O	_	_	_	_
18	is	_	VBZ	B_VP	O	_	_	_	_
19	also	_	RB	B_ADVP	O	_	_	_	_
20	contingent	_	JJ	B_ADJP	O	_	_	_	_
21	upon	_	IN	B_PP	O	_	_	_	_
22	obtaining	_	VBG	B_VP	O	_	_	_	_
23	satisfactory	_	JJ	B_NP	O	_	_	_	_
24	financing	_	NN	I_NP	O	_	_	_	_
25	.	_	.	O	O	_	_	_	_

1	An	_	DT	B_NP	O	_	_	_	_
2	A.P.	_	NNP	I_NP	O	_	_	_	_
3	Green	_	NNP	I_NP	O	_	_	_	_
4	official	_	NN	I_NP	O	_	_	_	_
5	declined	_	VBD	B_VP	O	_	_	_	_
6	to	_	TO	I_VP	O	_	_	_	_
7	comment	_	VB	I_VP	O	_	_	_	_
8	on	_	IN	B_PP	O	_	_	_	_
9	the	_	DT	B_NP	O	_	_	_	_
10	filing	_	NN	I_NP	O	_	_	_	_
11	.	_	.	O	O	_	_	_	_

1	The	_	DT	B_NP	O	_	_	_	_
2	$	_	$	I_NP	O	_	_	_	_
3	40_a_share	_	JJ	I_NP	O	_	_	_	_
4	proposal	_	NN	I_NP	O	_	_	_	_
5	values	_	VBZ	B_VP	O	_	_	_	_
6	the	_	DT	B_NP	O	_	_	_	_
7	company	_	NN	I_NP	O	_	_	_	_
8	at	_	IN	B_PP	O	_	_	_	_
9	about	_	RB	B_NP	O	_	_	_	_
10	$	_	$	I_NP	O	_	_	_	_
11	106.6	_	CD	I_NP	O	_	_	_	_
12	million	_	CD	I_NP	O	_	_	_	_
13	.	_	.	O	O	_	_	_	_

1	A.P.	_	NNP	B_NP	O	_	_	_	_
2	Green	_	NNP	I_NP	O	_	_	_	_
3	currently	_	RB	B_ADVP	O	_	_	_	_
4	has	_	VBZ	B_VP	O	_	_	_	_
5	2,664,098	_	CD	B_NP	O	_	_	_	_
6	shares	_	NNS	I_NP	O	_	_	_	_
7	outstanding	_	JJ	B_ADJP	O	_	_	_	_
8	.	_	.	O	O	_	_	_	_

1	Its	_	PRP$	B_NP	O	_	_	_	_
2	stock	_	NN	I_NP	O	_	_	_	_
3	closed	_	VBD	B_VP	O	_	_	_	_
4	at	_	IN	B_PP	O	_	_	_	_
5	$	_	$	B_NP	O	_	_	_	_
6	38	_	CD	I_NP	O	_	_	_	_
7	,	_	,	O	O	_	_	_	_
8	up	_	IN	B_ADVP	O	_	_	_	_
9	$	_	$	B_NP	O	_	_	_	_
10	1.875	_	CD	I_NP	O	_	_	_	_
11	,	_	,	O	O	_	_	_	_
12	in	_	IN	B_PP	O	_	_	_	_
13	national	_	JJ	B_NP	O	_	_	_	_
14	over_the_counter	_	JJ	I_NP	O	_	_	_	_
15	trading	_	NN	I_NP	O	_	_	_	_
16	.	_	.	O	O	_	_	_	_

1	The	_	DT	B_NP	O	_	_	_	_
2	company	_	NN	I_NP	O	_	_	_	_
3	is	_	VBZ	B_VP	O	_	_	_	_
4	a	_	DT	B_NP	O	_	_	_	_
5	Mexico	_	NNP	I_NP	O	_	_	_	_
6	,	_	,	I_NP	O	_	_	_	_
7	Mo.	_	NNP	I_NP	O	_	_	_	_
8	,	_	,	I_NP	O	_	_	_	_
9	maker	_	NN	I_NP	O	_	_	_	_
10	of	_	IN	B_PP	O	_	_	_	_
11	refractory	_	JJ	B_NP	O	_	_	_	_
12	products	_	NNS	I_NP	O	_	_	_	_
13	.	_	.	O	O	_	_	_	_

1	East	_	NNP	B_NP	O	_	_	_	_
2	Rock	_	NNP	I_NP	O	_	_	_	_
3	also	_	RB	B_ADVP	O	_	_	_	_
4	said	_	VBD	B_VP	O	_	_	_	_
5	in	_	IN	B_PP	O	_	_	_	_
6	the	_	DT	B_NP	O	_	_	_	_
7	filing	_	NN	I_NP	O	_	_	_	_
8	that	_	IN	B_SBAR	O	_	_	_	_
9	it	_	PRP	B_NP	O	_	_	_	_
10	boosted	_	VBD	B_VP	O	_	_	_	_
11	its	_	PRP$	B_NP	O	_	_	_	_
12	stake	_	NN	I_NP	O	_	_	_	_
13	in	_	IN	B_PP	O	_	_	_	_
14	A.P.	_	NNP	B_NP	O	_	_	_	_
15	Green	_	NNP	I_NP	O	_	_	_	_
16	to	_	TO	B_PP	O	_	_	_	_
17	8.7	_	CD	B_NP	O	_	_	_	_
18	%	_	NN	I_NP	O	_	_	_	_
19	.	_	.	O	O	_	_	_	_

1	It	_	PRP	B_NP	O	_	_	_	_
2	now	_	RB	B_ADVP	O	_	_	_	_
3	holds	_	VBZ	B_VP	O	_	_	_	_
4	233,000	_	CD	B_NP	O	_	_	_	_
5	A.P.	_	NNP	I_NP	O	_	_	_	_
6	Green	_	NNP	I_NP	O	_	_	_	_
7	common	_	JJ	I_NP	O	_	_	_	_
8	shares	_	NNS	I_NP	O	_	_	_	_
9	,	_	,	O	O	_	_	_	_
10	including	_	VBG	B_PP	O	_	_	_	_
11	30,000	_	CD	B_NP	O	_	_	_	_
12	shares	_	NNS	I_NP	O	_	_	_	_
13	bought	_	VBD	B_VP	O	_	_	_	_
14	last	_	JJ	B_NP	O	_	_	_	_
15	Thursday	_	NNP	I_NP	O	_	_	_	_
16	for	_	IN	B_PP	O	_	_	_	_
17	$	_	$	B_NP	O	_	_	_	_
18	35.50	_	CD	I_NP	O	_	_	_	_
19	to	_	TO	I_NP	O	_	_	_	_
20	$	_	$	I_NP	O	_	_	_	_
21	36.50	_	CD	I_NP	O	_	_	_	_
22	a	_	DT	B_NP	O	_	_	_	_
23	share	_	NN	I_NP	O	_	_	_	_
24	.	_	.	O	O	_	_	_	_

1	New	_	NNP	B_NP	O	_	_	_	_
2	York_based	_	JJ	I_NP	O	_	_	_	_
3	John	_	NNP	I_NP	O	_	_	_	_
4	Kuhns	_	NNP	I_NP	O	_	_	_	_
5	and	_	CC	I_NP	O	_	_	_	_
6	Robert	_	NNP	I_NP	O	_	_	_	_
7	MacDonald	_	NNP	I_NP	O	_	_	_	_
8	control	_	NN	B_VP	O	_	_	_	_
9	East	_	NNP	B_NP	O	_	_	_	_
10	Rock	_	NNP	I_NP	O	_	_	_	_
11	Partners	_	NNP	I_NP	O	_	_	_	_
12	Inc.	_	NNP	I_NP	O	_	_	_	_
13	,	_	,	O	O	_	_	_	_
14	the	_	DT	B_NP	O	_	_	_	_
15	sole	_	JJ	I_NP	O	_	_	_	_
16	general	_	JJ	I_NP	O	_	_	_	_
17	partner	_	NN	I_NP	O	_	_	_	_
18	of	_	IN	B_PP	O	_	_	_	_
19	East	_	NNP	B_NP	O	_	_	_	_
20	Rock	_	NNP	I_NP	O	_	_	_	_
21	Partners	_	NNP	I_NP	O	_	_	_	_
22	L.P	_	NNP	I_NP	O	_	_	_	_
23	.	_	.	O	O	_	_	_	_

