{"name":"demo-anno-chunk","description":null,"reverse":false,"mode":"ANNOTATION","source_documents":[{"name":"train.tsv","format":"tsv","state":"CURATION_IN_PROGRESS","timestamp":null}],"annotation_documents":[{"name":"train.tsv","user":"anno1","state":"FINISHED","timestamp":null},{"name":"train.tsv","user":"anno2","state":"FINISHED","timestamp":null}],"project_permissions":[{"level":"USER","user":"anno1"},{"level":"USER","user":"anno2"}],"tag_sets":[{"name":"BART","description":"coreference type annotation","language":"de","type":"span","type_name":"coreference type","type_description":"coreference type annotation","tags":[{"tag_name":"nam","tag_description":"nam"}]},{"name":"chunks","description":"Chunking","language":"en","type":"span","type_name":"named entity","type_description":"Named Entity annotation","tags":[{"tag_name":"ADJP","tag_description":"Adjective Phrase"},{"tag_name":"ADVP","tag_description":"Adverbial Phrase"},{"tag_name":"CONJP","tag_description":"Conjunction"},{"tag_name":"INTJ","tag_description":"Intj"},{"tag_name":"LST","tag_description":"List"},{"tag_name":"NP","tag_description":"Noun Phrase"},{"tag_name":"O","tag_description":"Outside"},{"tag_name":"PP","tag_description":"Prepositional Phrase"},{"tag_name":"PRT","tag_description":"Prittstift"},{"tag_name":"SBAR","tag_description":"Sbar Phrase"},{"tag_name":"UCP","tag_description":"Universal Color Pot"},{"tag_name":"VP","tag_description":"Verb Phrase"}]},{"name":"Lemma","description":"lemma annotation","language":"de","type":"span","type_name":"lemma","type_description":"lemma annotation","tags":[]},{"name":"pos","description":"poses","language":null,"type":"span","type_name":"pos","type_description":"Stuttgart-Tübingen-Tag-Set \nGerman Part of Speech tagsetSTTS Tag Table (1995/1999): http://www.ims.uni-stuttgart.de/projekte/corplex/TagSets/stts-table.html","tags":[{"tag_name":"#","tag_description":null},{"tag_name":"$","tag_description":null},{"tag_name":"(","tag_description":null},{"tag_name":")","tag_description":null},{"tag_name":",","tag_description":null},{"tag_name":".","tag_description":null},{"tag_name":"CC","tag_description":null},{"tag_name":"CD","tag_description":null},{"tag_name":"DT","tag_description":null},{"tag_name":"EX","tag_description":null},{"tag_name":"IN","tag_description":null},{"tag_name":"JJ","tag_description":null},{"tag_name":"JJR","tag_description":null},{"tag_name":"JJS","tag_description":null},{"tag_name":"MD","tag_description":null},{"tag_name":"NN","tag_description":null},{"tag_name":"NNP","tag_description":null},{"tag_name":"NNPS","tag_description":null},{"tag_name":"NNS","tag_description":null},{"tag_name":"PDT","tag_description":null},{"tag_name":"POS","tag_description":null},{"tag_name":"PRP","tag_description":null},{"tag_name":"PRP$","tag_description":null},{"tag_name":"RB","tag_description":null},{"tag_name":"RBR","tag_description":null},{"tag_name":"RBS","tag_description":null},{"tag_name":"RP","tag_description":null},{"tag_name":"TO","tag_description":null},{"tag_name":"VB","tag_description":null},{"tag_name":"VBD","tag_description":null},{"tag_name":"VBG","tag_description":null},{"tag_name":"VBN","tag_description":null},{"tag_name":"VBP","tag_description":null},{"tag_name":"VBZ","tag_description":null},{"tag_name":"WDT","tag_description":null},{"tag_name":"WP","tag_description":null},{"tag_name":"WRB","tag_description":null},{"tag_name":"``","tag_description":null}]},{"name":"Tiger","description":"Dependency annotation","language":"de","type":"relation","type_name":"dependency","type_description":"Dependency annotation","tags":[{"tag_name":"$","tag_description":"$"},{"tag_name":"--","tag_description":"--"},{"tag_name":"-PUNCT-","tag_description":"-PUNCT-"},{"tag_name":"AC","tag_description":"AC"},{"tag_name":"ADV","tag_description":"ADV"},{"tag_name":"AG","tag_description":"AG"},{"tag_name":"APP","tag_description":"APP"},{"tag_name":"ATTR","tag_description":"ATTR"},{"tag_name":"AUX","tag_description":"AUX"},{"tag_name":"AVZ","tag_description":"AVZ"},{"tag_name":"CC","tag_description":"CC"},{"tag_name":"CD","tag_description":"CD"},{"tag_name":"CJ","tag_description":"CJ"},{"tag_name":"CM","tag_description":"CM"},{"tag_name":"CP","tag_description":"CP"},{"tag_name":"CVC","tag_description":"CVC"},{"tag_name":"DA","tag_description":"DA"},{"tag_name":"DET","tag_description":"DET"},{"tag_name":"EP","tag_description":"EP"},{"tag_name":"ETH","tag_description":"ETH"},{"tag_name":"EXPL","tag_description":"EXPL"},{"tag_name":"GMOD","tag_description":"GMOD"},{"tag_name":"GRAD","tag_description":"GRAD"},{"tag_name":"JU","tag_description":"JU"},{"tag_name":"KOM","tag_description":"KOM"},{"tag_name":"KON","tag_description":"KON"},{"tag_name":"KONJ","tag_description":"KONJ"},{"tag_name":"MNR","tag_description":"MNR"},{"tag_name":"MO","tag_description":"MO"},{"tag_name":"NEB","tag_description":"NEB"},{"tag_name":"NG","tag_description":"NG"},{"tag_name":"NK","tag_description":"NK"},{"tag_name":"OA","tag_description":"OA"},{"tag_name":"OBJA","tag_description":"OBJA"},{"tag_name":"OBJA2","tag_description":"OBJA2"},{"tag_name":"OBJA3","tag_description":"OBJA3"},{"tag_name":"OBJC","tag_description":"OBJC"},{"tag_name":"OBJC2","tag_description":"OBJC2"},{"tag_name":"OBJC3","tag_description":"OBJC3"},{"tag_name":"OBJD","tag_description":"OBJD"},{"tag_name":"OBJD2","tag_description":"OBJD2"},{"tag_name":"OBJD3","tag_description":"OBJD3"},{"tag_name":"OBJG","tag_description":"OBJG"},{"tag_name":"OBJG2","tag_description":"OBJG2"},{"tag_name":"OBJG3","tag_description":"OBJG3"},{"tag_name":"OBJI","tag_description":"OBJI"},{"tag_name":"OBJI2","tag_description":"OBJI2"},{"tag_name":"OBJI3","tag_description":"OBJI3"},{"tag_name":"OBJP","tag_description":"OBJP"},{"tag_name":"OBJP2","tag_description":"OBJP2"},{"tag_name":"OBJP3","tag_description":"OBJP3"},{"tag_name":"OC","tag_description":"OC"},{"tag_name":"OCRC","tag_description":"OCRC"},{"tag_name":"OG","tag_description":"OG"},{"tag_name":"OP","tag_description":"OP"},{"tag_name":"PAR","tag_description":"PAR"},{"tag_name":"PART","tag_description":"PART"},{"tag_name":"PD","tag_description":"PD"},{"tag_name":"PM","tag_description":"PM"},{"tag_name":"PN","tag_description":"PN"},{"tag_name":"PNC","tag_description":"PNC"},{"tag_name":"PP","tag_description":"PP"},{"tag_name":"PRED","tag_description":"PRED"},{"tag_name":"RC","tag_description":"RC"},{"tag_name":"RE","tag_description":"RE"},{"tag_name":"REL","tag_description":"REL"},{"tag_name":"ROOT","tag_description":"ROOT"},{"tag_name":"S","tag_description":"S"},{"tag_name":"SB","tag_description":"SB"},{"tag_name":"SBP","tag_description":"SBP"},{"tag_name":"SUBJ","tag_description":"SUBJ"},{"tag_name":"SUBJ2","tag_description":"SUBJ2"},{"tag_name":"SUBJ3","tag_description":"SUBJ3"},{"tag_name":"SUBJC","tag_description":"SUBJC"},{"tag_name":"SUBJC2","tag_description":"SUBJC2"},{"tag_name":"SUBJC3","tag_description":"SUBJC3"},{"tag_name":"SUBJI","tag_description":"SUBJI"},{"tag_name":"SUBJI2","tag_description":"SUBJI2"},{"tag_name":"SUBJI3","tag_description":"SUBJI3"},{"tag_name":"SVP","tag_description":"SVP"},{"tag_name":"UC","tag_description":"UC"},{"tag_name":"VOK","tag_description":"VOK"},{"tag_name":"ZEIT","tag_description":"ZEIT"}]},{"name":"TuebaDZ","description":"coreference annotation","language":"de","type":"relation","type_name":"coreference","type_description":"coreference annotation","tags":[{"tag_name":"anaphoric","tag_description":"anaphoric"}]}]}